Common Name,Link,Scientific Name,Classification,Order,Family,Temperament,Level,Diet,PH,GH,Temp,Size,Continent
Adolfos Catfish,/species-spotlight/adolfos-catfish/,Corydorasadolfoi,Actinopterygii,Siluriformes,Callichthyidae,Peaceful,Bottom,Omnivore,6.0,11.0,22.5,6.0,SA
Adonis Tetra,/species-spotlight/adonis-tetra/,Lepidarchusadonis,Actinopterygii,Characiformes,Alestidae,Peaceful,Middle - Top,Omnivore,6.5,7.0,23.9,2.1,AF
African Banded Barb,/species-spotlight/african-banded-barb/,Barbusfasciolatus,Actinopterygii,Cypriniformes,Cyprinidae,Peaceful,Middle - Top,Omnivore,6.5,8.5,23.9,6.0,AF
African Butterfly Cichlid,/species-spotlight/african-butterfly-cichlid/,Anomalochromisthomasi,Actinopterygii,Cichliformes,Cichlidae,Peaceful,Bottom - Middle,Omnivore,6.5,7.5,24.75,8.0,AF
African Glass Catfish,/species-spotlight/african-glass-catfish/,Pareutropiusdebauwi,Actinopterygii,Siluriformes,Schilbeidae,Peaceful,Bottom - Middle,Omnivore,7.0,10.0,25.3,10.0,AF
African Moon Tetra,/species-spotlight/african-moon-tetra/,Bathyaethiopscaudomaculatus,Actinopterygii,Characiformes,Alestidae,Peaceful,Top,Omnivore,6.75,8.5,23.9,8.0,AF
African Red Eyed Tetra,/species-spotlight/african-red-eyed-tetra/,Arnoldichthysspilopterus,Actinopterygii,Characiformes,Alestidae,Peaceful,Middle - Top,Omnivore,6.75,12.5,25.3,8.0,AF
Agassizs Corydoras,/species-spotlight/agassizs-corydoras/,Corydorasagassizii,Actinopterygii,Siluriformes,Callichthyidae,Peaceful,Bottom,Omnivore,7.0,13.5,24.2,5.0,SA
Albino Corydoras,/species-spotlight/albino-corydoras/,Corydorasaeneus,Actinopterygii,Siluriformes,Callichthyidae,Peaceful,Bottom,Omnivore,6.75,10.0,24.15,7.0,SA
Amano Shrimp,/species-spotlight/amano-shrimp/,Caridinamultidentata,Malacostraca,Decapoda,Atyidae,Peaceful,Bottom - Middle,Omnivore,7.25,10.0,23.9,6.0,AS
Amazon Zebra Shrimp,/species-spotlight/amazon-zebra-shrimp/,Euryrhynchusamazoniensis,Malacostraca,Decapoda,Euryrhynchidae,Peaceful,All Levels,Omnivore,5.25,6.0,28.0,3.0,SA
American Flagfish,/species-spotlight/american-flagfish/,Jordanellafloridae,Actinopterygii,Cyprinodontiformes,Cyprinodontidae,Semi-Aggressive,Middle - Top,Omnivore,7.5,12.5,23.9,7.0,NAM
Apple Snail,/species-spotlight/apple-snail/,"Pomaceabridgesii,Pomaceacanaliculata,Pomaceadiffusa,Pomaceahaustrum,Pomaceapaludosa,Pomaceamaculata",Gastropoda,Architaenioglossa,Ampullariidae,Peaceful,All Levels,Omnivore,7.25,9.0,23.05,15.0,NAM
Araguaia Corydoras,/species-spotlight/araguaia-corydoras/,Corydorasaraguaiaensis,Actinopterygii,Siluriformes,Callichthyidae,Peaceful,Bottom - Middle,Omnivore,7.0,13.5,23.5,6.0,SA
Armatus Corydoras,/species-spotlight/armatus-corydoras/,Corydorasarmatus,Actinopterygii,Siluriformes,Callichthyidae,Peaceful,Bottom,Omnivore,7.0,8.5,24.45,6.5,SA
Arulius Barb,/species-spotlight/arulius-barb/,Puntiusarulius,Actinopterygii,Cypriniformes,Cyprinidae,Peaceful,Middle,Omnivore,7.0,8.5,21.5,10.0,AS
Assam Danio,/species-spotlight/assam-danio/,Devarioassamensis,Actinopterygii,Cypriniformes,Cyprinidae,Peaceful,Middle - Top,Omnivore,7.0,10.0,18.35,10.0,AS
Assassin Snail,/species-spotlight/assassin-snail/,"CleaHelena,Anentomehelena",Gastropoda,Neogastropoda,Nassariidae,Peaceful,Bottom,Omnivore,7.6,17.5,24.7,2.0,AS
Axelrods Corydoras,/species-spotlight/axelrods-corydoras/,Corydorasaxelrodi,Actinopterygii,Siluriformes,Callichthyidae,Peaceful,Bottom,Omnivore,6.5,12.5,24.15,5.0,SA
Bala Shark,/species-spotlight/bala-shark/,BalantiocheilosMelanopterus,Actinopterygii,Cypriniformes,Cyprinidae,Peaceful,Bottom - Middle,Omnivore,7.0,6.0,25.0,35.0,AS
Banded Apistogramma,/species-spotlight/banded-apistogramma/,Apistogrammabitaeniata,Actinopterygii,Cichliformes,Cichlidae,Peaceful,Bottom - Middle,Omnivore,5.75,5.0,26.95,8.0,SA
Banded Corydoras,/species-spotlight/banded-corydoras/,Scleromystaxbarbatus,Actinopterygii,Siluriformes,Callichthyidae,Peaceful,Bottom,Omnivore,7.0,13.5,23.9,10.0,SA
Banded Rainbowfish,/species-spotlight/banded-rainbowfish/,Melanotaeniatrifasciata,Actinopterygii,Atheriniformes,Melanotaeniidae,Peaceful,Middle - Top,Omnivore,7.5,16.5,23.55,13.0,OC
Bandit Corydoras,/species-spotlight/bandit-corydoras/,Corydorasmetae,Actinopterygii,Siluriformes,Callichthyidae,Peaceful,Bottom,Omnivore,6.75,10.0,23.0,5.0,SA
Barred Danio,/species-spotlight/barred-danio/,Devariopathirana,Actinopterygii,Cypriniformes,Cyprinidae,Peaceful,Middle,Omnivore,7.0,12.0,23.35,8.0,AS
Barred Pencilfish,/species-spotlight/barred-pencilfish/,Nannostomusespei,Actinopterygii,Characiformes,Lebiasinidae,Peaceful,Middle - Top,Omnivore,6.0,7.0,24.75,3.0,SA
Bengal Danio,/species-spotlight/bengal-danio/,Devariodevario,Actinopterygii,Cypriniformes,Cyprinidae,Peaceful,Top,Omnivore,7.0,12.5,20.55,8.0,AS
Black Banded Leporinus,/species-spotlight/black-banded-leporinus/,Leporinusfasciatus,Actinopterygii,Characiformes,Anostomidae,Peaceful,Middle,Omnivore,6.5,12.5,25.0,30.0,SA
Black Bar Endler,/species-spotlight/black-bar-endler/,Poeciliawingei,Actinopterygii,Cyprinodontiformes,Poeciliidae,Peaceful,All Levels,Omnivore,7.75,25.0,26.95,2.5,SA
Black Barred Danio,/species-spotlight/black-barred-danio/,Danioabsconditus,Actinopterygii,Cypriniformes,Cyprinidae,Peaceful,Middle - Top,Omnivore,6.75,8.5,21.95,8.0,AS
Black Darter Tetra,/species-spotlight/black-darter-tetra/,Poecilocharaxweitzmani,Actinopterygii,Characiformes,Crenuchidae,Peaceful,Middle - Top,Carnivore,5.0,5.5,25.85,4.0,SA
Black Diamond Corydoras CW49,/species-spotlight/black-diamond-corydoras-cw49/,Corydorassp,Actinopterygii,Siluriformes,Callichthyidae,Peaceful,Bottom,Omnivore,6.5,11.0,25.0,6.0,SA
Black Line Rasbora,/species-spotlight/black-line-rasbora/,Rasboraborapetensis,Actinopterygii,Cypriniformes,Cyprinidae,Peaceful,Middle - Top,Omnivore,6.75,8.5,23.9,6.0,AS
Black Line Tetra,/species-spotlight/black-line-tetra/,Hyphessobryconscholzei,Actinopterygii,Characiformes,Characidae,Peaceful,Middle,Omnivore,7.25,14.0,25.0,5.0,SA
Black Neon Tetra,/species-spotlight/black-neon-tetra/,Hyphessobryconherbertaxelrodi,Actinopterygii,Characiformes,Characidae,Peaceful,Middle - Top,Omnivore,6.25,3.5,23.05,4.0,SA
Black Phantom Tetra,/species-spotlight/black-phantom-tetra/,Hyphessobryconmegalopterus,Actinopterygii,Characiformes,Characidae,Peaceful,Middle,Omnivore,6.5,10.5,25.0,3.5,SA
Black Rose Shrimp,/species-spotlight/black-rose-shrimp/,NeocaridinaDavidi,Malacostraca,Decapoda,Atyidae,Peaceful,All Levels,Omnivore,7.0,6.0,23.85,4.0,AS
Black Ruby Barb,/species-spotlight/black-ruby-barb/,Pethianigrofasciata,Actinopterygii,Cypriniformes,Cyprinidae,Peaceful,Bottom - Middle,Omnivore,6.5,8.5,24.15,5.0,AS
Black Sharkminnow,/species-spotlight/black-sharkminnow/,Labeochrysophekadion,Actinopterygii,Cypriniformes,Cyprinidae,Aggressive,Bottom - Middle,Omnivore,7.0,15.0,23.0,90.0,AS
Black Venezuela Corydoras,/species-spotlight/black-venezuela-corydoras/,"Corydorasschultzei""BlackVenezuela""",Actinopterygii,Siluriformes,Callichthyidae,Peaceful,Bottom,Omnivore,6.75,8.5,25.0,6.0,SA
Black Widow Tetra,/species-spotlight/black-widow-tetra/,Gymnocorymbusternetzi,Actinopterygii,Characiformes,Characidae,Peaceful,Middle - Top,Omnivore,6.5,12.5,22.8,7.5,SA
Blackfin Pearl Killifish,/species-spotlight/blackfin-pearl-killifish/,Austrolebiasnigripinnis,Actinopterygii,Cyprinodontiformes,Rivulidae,Semi-Aggressive,Bottom - Middle,Omnivore,6.5,12.5,20.85,5.0,SA
Blackline Tail Tetra,/species-spotlight/blackline-tail-tetra/,Moenkhausiacostae,Actinopterygii,Characiformes,Characidae,Peaceful,Middle - Top,Omnivore,6.75,11.5,24.0,6.0,SA
Blacktop Corydoras,/species-spotlight/blacktop-corydoras/,Corydorasacutus,Actinopterygii,Siluriformes,Callichthyidae,Peaceful,Bottom,Omnivore,7.0,13.5,24.75,5.5,SA
Bleeding Blue Tetra,/species-spotlight/bleeding-blue-tetra/,Hyphessobryconmargitae,Actinopterygii,Characiformes,Characidae,Peaceful,Middle - Top,Omnivore,6.75,10.0,25.0,5.0,SA
Bleeding Heart Tetra,/species-spotlight/bleeding-heart-tetra/,Hyphessobryconerythrostigma,Actinopterygii,Characiformes,Characidae,Peaceful,Bottom - Middle,Omnivore,7.0,10.0,25.0,8.0,SA
Blood Tailed Danio,/species-spotlight/blood-tailed-danio/,Devarioannandalei,Actinopterygii,Cypriniformes,Cyprinidae,Peaceful,Middle,Omnivore,7.0,10.0,23.9,10.0,AS
Bloodfin Tetra,/species-spotlight/bloodfin-tetra/,Aphyocharaxanisitsi,Actinopterygii,Characiformes,Characidae,Peaceful,Middle - Top,Omnivore,7.0,7.5,22.8,5.5,SA
Bloody Mary Shrimp,/species-spotlight/bloody-mary-shrimp/,Neocaridinadavidi,Malacostraca,Decapoda,Atyidae,Peaceful,Bottom,Omnivore,6.9,8.0,23.35,4.0,AS
Blue Botia,/species-spotlight/blue-botia/,Yasuhikotakiamodesta,Actinopterygii,Cypriniformes,Botiidae,Semi-Aggressive,Bottom,Omnivore,6.75,10.0,26.1,18.0,AS
Blue Danio,/species-spotlight/blue-danio/,Daniokerri,Actinopterygii,Cypriniformes,Cyprinidae,Peaceful,Middle - Top,Omnivore,7.0,10.0,23.9,4.5,AS
Blue Eyed Congo Tetra,/species-spotlight/blue-eyed-congo-tetra/,Phenacogrammusaurantiacus,Actinopterygii,Characiformes,Alestidae,Peaceful,Middle - Top,Omnivore,6.75,10.5,25.0,10.0,AF
Blue Leg Poso Sulawesi Shrimp,/species-spotlight/blue-leg-poso-sulawesi-shrimp/,Caridinacaerulea,Malacostraca,Decapoda,Atyidae,Peaceful,All Levels,Omnivore,7.75,6.0,28.0,2.5,AS
Blue Line Rasbora,/species-spotlight/blue-line-rasbora/,Rasborasarawakensis,Actinopterygii,Cypriniformes,Cyprinidae,Peaceful,Middle - Top,Omnivore,6.75,7.0,23.9,5.0,AS
Blue Panda Apistogramma,/species-spotlight/blue-panda-apistogramma/,"Apistogrammapanduro,Apistogrammapandurini",Actinopterygii,Cichliformes,Cichlidae,Peaceful,Bottom - Middle,Omnivore,5.25,5.0,25.3,7.5,SA
Blue Purple Emperor Tetra,/species-spotlight/blue-purple-emperor-tetra/,Inpaichthyskerri,Actinopterygii,Characiformes,Characidae,Peaceful,Middle - Top,Omnivore,6.75,7.5,24.0,4.0,SA
Blue Spot African Tetra,/species-spotlight/blue-spot-african-tetra/,Brycinuspoptae,Actinopterygii,Characiformes,Alestidae,Peaceful,Middle - Top,Omnivore,7.0,12.5,24.75,16.0,AF
Blue Spotted Hill Trout,/species-spotlight/blue-spotted-hill-trout/,Bariliusbakeri,Actinopterygii,Cypriniformes,Cyprinidae,Semi-Aggressive,Middle - Top,Omnivore,6.75,6.0,21.95,15.0,AS
Blue Star Endlers,/species-spotlight/blue-star-endlers/,Poeciliawingei,Actinopterygii,Cyprinodontiformes,Poeciliidae,Peaceful,Middle - Top,Omnivore,7.75,8.5,26.95,2.5,SA
Blue Striped Rivulus Killifish,/species-spotlight/blue-striped-rivulus-killifish/,"RivulusXiphidius,Laimosemionxiphidius",Actinopterygii,Cyprinodontiformes,Rivulidae,Peaceful,Middle - Top,Omnivore,6.25,4.0,23.9,4.5,SA
Blueberry Tetra,/species-spotlight/blueberry-tetra/,Hyphessobryconwadai,Actinopterygii,Characiformes,Characidae,Peaceful,Middle - Top,Omnivore,6.25,3.5,23.05,2.5,SA
Bluefin Notho,/species-spotlight/bluefin-notho/,Nothobranchiusrachovii,Actinopterygii,Cyprinodontiformes,Nothobranchiidae,Peaceful,Bottom,Omnivore,6.75,6.5,21.95,6.0,AF
Boesemans Rainbowfish,/species-spotlight/boesemans-rainbowfish/,MelanotaeniaBoesemani,Actinopterygii,Atheriniformes,Melanotaeniidae,Peaceful,Middle - Top,Omnivore,7.25,15.0,28.0,13.0,OC
Bolivian Ram Cichlid,/species-spotlight/bolivian-ram-cichlid/,Mikrogeophagusaltispinosus,Actinopterygii,Cichliformes,Cichlidae,Peaceful,Middle,Omnivore,6.75,10.0,24.45,8.0,SA
Borneo Red Fin Silver Shark,/species-spotlight/borneo-red-fin-silver-shark/,Cyclocheilichthysjanthochir,Actinopterygii,Cypriniformes,Cyprinidae,Peaceful,Bottom - Middle,Omnivore,5.5,6.5,24.2,20.0,AS
Bristlenose Pleco,/species-spotlight/bristlenose-pleco/,AncistrusCirrhosus,Actinopterygii,Siluriformes,Loricariidae,Peaceful,Bottom,Omnivore,6.8,16.0,25.0,12.5,NAM
Brittanichthys Axelrodi Tetra,/species-spotlight/brittanichthys-axelrodi-tetra/,Brittanichthysaxelrodi,Actinopterygii,Characiformes,Characidae,Peaceful,Middle - Top,Omnivore,5.5,3.0,26.1,3.0,SA
Broken Line Tetra,/species-spotlight/broken-line-tetra/,Hemigrammusulreyi,Actinopterygii,Characiformes,Characidae,Peaceful,Middle - Top,Omnivore,6.75,8.5,24.5,5.0,SA
Bronze Corydoras,/species-spotlight/bronze-corydoras/,CorydorasAeneus,Actinopterygii,Siluriformes,Callichthyidae,Peaceful,Bottom,Omnivore,6.75,10.0,25.3,7.0,SA
Bronze Corydoras Var Longfin,/species-spotlight/bronze-corydoras---longfin/,Corydorasaeneus,Actinopterygii,Siluriformes,Callichthyidae,Peaceful,Bottom,Omnivore,7.0,15.0,24.5,7.0,SA
Bucktooth Tetra,/species-spotlight/bucktooth-tetra/,Exodonparadoxus,Actinopterygii,Characiformes,Characidae,Aggressive,Middle - Top,Carnivore,6.5,12.5,24.5,12.0,SA
Buenos Aires Tetra,/species-spotlight/buenos-aires-tetra/,Hyphessobryconanisitsi,Actinopterygii,Characiformes,Characidae,Semi-Aggressive,Middle - Top,Omnivore,7.0,18.5,22.8,7.0,SA
Bumblebee Goby,/species-spotlight/bumblebee-goby/,Brachygobiusdoriae,Actinopterygii,Gobiiformes,Gobiidae,Semi-Aggressive,Bottom - Middle,Carnivore,7.5,5.5,24.45,4.2,AS
Butterfly Barb,/species-spotlight/butterfly-barb/,Barbushulstaerti,Actinopterygii,Cypriniformes,Cyprinidae,Peaceful,Middle,Omnivore,5.5,3.0,20.3,3.5,AF
Butterfly Plecostomus L168,/species-spotlight/butterfly-plecostomus-l168/,DekeyseriaBrachyura,Actinopterygii,Siluriformes,Loricariidae,Peaceful,Bottom,Omnivore,6.25,7.0,26.0,15.0,SA
Cardinal Sulawesi Shrimp,/species-spotlight/cardinal-sulawesi-shrimp/,CaridinaDennerli,Malacostraca,Decapoda,Atyidae,Peaceful,Bottom - Middle,Omnivore,7.9,7.0,27.2,2.5,AS
Cardinal Tetra,/species-spotlight/cardinal-tetra/,Paracheirodonaxelrodi,Actinopterygii,Characiformes,Characidae,Peaceful,Middle - Top,Omnivore,5.5,3.0,26.0,5.0,SA
Celebes Rainbowfish,/species-spotlight/celebes-rainbowfish/,Marosatherinaladigesi,Actinopterygii,Atheriniformes,Melanotaeniidae,Peaceful,Middle,Omnivore,7.5,17.5,25.0,8.0,AS
Celestial Pearl Danio,/species-spotlight/celestial-pearl-danio/,Daniomargaritatus,Actinopterygii,Cypriniformes,Cyprinidae,Peaceful,Middle - Top,Omnivore,7.0,9.0,22.8,2.5,AS
Cenepa Red Pencilfish,/species-spotlight/cenepa-red-pencilfish/,Nannstomussp,Actinopterygii,Characiformes,Lebiasinidae,Peaceful,Middle - Top,Omnivore,5.5,6.5,25.85,3.5,SA
Checker Barb,/species-spotlight/checker-barb/,Oliotiusoligolepis,Actinopterygii,Cypriniformes,Cyprinidae,Peaceful,Bottom - Middle,Omnivore,6.0,5.5,21.95,5.0,SA
Checkerboard Cichlid,/species-spotlight/checkerboard-cichlid/,Dicrossusfilamentosus,Actinopterygii,Cichliformes,Cichlidae,Peaceful,Middle,Omnivore,5.5,4.5,28.6,10.0,SA
Cherry Barb,/species-spotlight/cherry-barb/,Puntiustitteya,Actinopterygii,Cypriniformes,Cyprinidae,Peaceful,Bottom - Middle,Omnivore,7.35,12.0,23.9,5.0,AS
Chilli Rasbora,/species-spotlight/chilli-rasbora/,BorarasBrigittae,Actinopterygii,Cypriniformes,Cyprinidae,Peaceful,Middle - Top,Omnivore,6.0,5.5,25.55,2.0,AS
Chinese Barb,/species-spotlight/chinese-barb/,Barbodessemifasciolatus,Actinopterygii,Cypriniformes,Cyprinidae,Peaceful,Bottom - Middle,Omnivore,7.0,5.5,20.85,7.5,AS
Chinese High Fin Banded Shark,/species-spotlight/chinese-high-fin-banded-shark/,MyxocyprinusAsiaticus,Actinopterygii,Cypriniformes,Catostomidae,Peaceful,Bottom,Omnivore,7.0,12.0,23.05,43.0,AS
Chinese Hillstream Loach,/species-spotlight/chinese-hillstream-loach/,Pseudogastromyzoncheni,Actinopterygii,Cypriniformes,Balitoridae,Peaceful,Bottom,Omnivore,7.5,10.0,21.95,6.0,AS
Chinese Neon Golden Stripe Shark,/species-spotlight/chinese-neon-golden-stripe-shark/,Sarcocheilichthysparvus,Actinopterygii,Cypriniformes,Cyprinidae,Peaceful,Bottom - Middle,Omnivore,7.0,8.5,25.3,7.0,AS
Chocolate Gourami,/species-spotlight/chocolate-gourami/,Sphaerichthysosphromenoides,Actinopterygii,Anabantiformes,Osphronemidae,Semi-Aggressive,Middle - Top,Omnivore,5.0,3.25,26.95,6.0,AS
Chocolate Shrimp,/species-spotlight/chocolate-shrimp/,NeocaridinaDavidi,Malacostraca,Decapoda,Atyidae,Peaceful,All Levels,Omnivore,7.0,9.0,23.35,4.0,AS
Christys Killifish,/species-spotlight/christys-killifish/,Aphyosemionchristyi,Actinopterygii,Cyprinodontiformes,Nothobranchiidae,Peaceful,Middle - Top,Omnivore,7.0,10.0,24.15,6.0,AF
Clown Barb,/species-spotlight/clown-barb/,"Barbodeseveretti,Puntiuseveretti,Barbodesdunckeri",Actinopterygii,Cypriniformes,Cyprinidae,Peaceful,All Levels,Omnivore,6.75,10.0,26.95,15.0,AS
Clown Killifish,/species-spotlight/clown-killifish/,Epiplatysannulatus,Actinopterygii,Cyprinodontiformes,Nothobranchiidae,Peaceful,Top,Omnivore,5.5,2.5,23.05,3.5,AF
Clown Loach,/species-spotlight/clown-loach/,Chromobotiamacracanthus,Actinopterygii,Cypriniformes,Botiidae,Peaceful,Bottom,Omnivore,6.25,8.0,25.55,15.0,AS
Clown Rasbora,/species-spotlight/clown-rasbora/,Rasborakalochroma,Actinopterygii,Cypriniformes,Cyprinidae,Peaceful,All Levels,Omnivore,6.25,6.0,25.3,10.0,AS
Cochus Blue Tetra,/species-spotlight/cochus-blue-tetra/,Boehlkeafredcochui,Actinopterygii,Characiformes,Characidae,Peaceful,All Levels,Omnivore,6.75,10.0,24.2,5.5,SA
Cockatoo Dwarf Cichlid,/species-spotlight/cockatoo-dwarf-cichlid/,Apistogrammacacatuoides,Actinopterygii,Cichliformes,Cichlidae,Peaceful,Middle,Omnivore,7.0,12.0,25.55,10.0,SA
Coffee Bean Tetra,/species-spotlight/coffee-bean-tetra/,Hyphessobrycontakasei,Actinopterygii,Characiformes,Characidae,Peaceful,Middle - Top,Omnivore,6.5,17.5,25.85,4.0,SA
Colombian Redfin Tetra,/species-spotlight/colombian-redfin-tetra/,Hyphessobryconcolumbianus,Actinopterygii,Characiformes,Characidae,Peaceful,Middle - Top,Omnivore,6.5,10.5,25.3,6.5,SA
Common Hatchetfish,/species-spotlight/common-hatchetfish/,Gasteropelecussternicla,Actinopterygii,Characiformes,Gasteropelecidae,Peaceful,Top,Omnivore,6.5,8.5,25.0,6.5,SA
Common Otocinclus,/species-spotlight/common-otocinclus/,Otocinclusvittatus,Actinopterygii,Siluriformes,Loricariidae,Peaceful,Bottom,Herbivore,6.5,9.0,23.6,4.0,SA
Concolour Corydoras,/species-spotlight/concolour-corydoras/,Corydorasconcolor,Actinopterygii,Siluriformes,Callichthyidae,Peaceful,Bottom,Omnivore,7.0,10.0,25.0,6.0,SA
Congo Ctenopoma,/species-spotlight/congo-ctenopoma/,Ctenopomacongicum,Actinopterygii,Anabantiformes,Anabantidae,Peaceful,Bottom - Middle,Carnivore,6.5,14.0,25.0,6.5,AF
Congo Tetra,/species-spotlight/congo-tetra/,Phenacogrammusinterruptus,Actinopterygii,Characiformes,Alestidae,Peaceful,Middle - Top,Omnivore,6.7,11.0,25.55,6.0,AF
Convict Cichlid,/species-spotlight/convict-cichlid/,Amatitlanianigrofasciata,Actinopterygii,Cichliformes,Cichlidae,Aggressive,All Levels,Omnivore,7.0,7.0,27.5,15.0,NAM
Copei Tetra,/species-spotlight/copei-tetra/,Moenkhausiacopei,Actinopterygii,Characiformes,Characidae,Peaceful,Middle - Top,Omnivore,6.75,15.0,24.0,6.0,SA
Coral Red Pencilfish,/species-spotlight/coral-red-pencilfish/,Nannostomusmortenthaleri,Actinopterygii,Characiformes,Lebiasinidae,Peaceful,Middle - Top,Omnivore,5.5,6.5,26.0,3.5,SA
Costello Tetra,/species-spotlight/costello-tetra/,Hemigrammushyanuary,Actinopterygii,Characiformes,Characidae,Peaceful,Middle - Top,Omnivore,6.5,8.5,25.0,4.0,SA
Crystal Black Shrimp,/species-spotlight/crystal-black-shrimp/,CaridinaCantonensis,Malacostraca,Decapoda,Atyidae,Peaceful,All Levels,Omnivore,6.75,5.0,20.55,3.0,AS
Crystal Red Shrimp,/species-spotlight/crystal-red-shrimp/,CaridinaCantonensis,Malacostraca,Decapoda,Atyidae,Peaceful,All Levels,Omnivore,6.75,5.0,20.55,3.0,AS
Cuckoo Catfish,/species-spotlight/cuckoo-catfish/,Synodontismultipunctatus,Actinopterygii,Siluriformes,Mochokidae,Peaceful,Bottom - Middle,Omnivore,8.0,25.0,25.25,27.5,AF
Daisys Blue Ricefish,/species-spotlight/daisys-blue-ricefish/,Oryziaswoworae,Actinopterygii,Beloniformes,Adrianichthyidae,Peaceful,Middle - Top,Omnivore,6.75,14.0,24.0,3.0,AS
Darter Corydoras,/species-spotlight/darter-corydoras/,Corydorassp.CW153,Actinopterygii,Siluriformes,Callichthyidae,Peaceful,Bottom - Middle,Omnivore,6.75,13.5,23.5,3.5,SA
Dawn Tetra,/species-spotlight/dawn-tetra/,Aphyocharaxparaguayensis,Actinopterygii,Characiformes,Characidae,Semi-Aggressive,Middle,Omnivore,6.5,10.0,25.0,4.5,SA
Delphax Corydoras,/species-spotlight/delphax-corydoras/,CorydorasDelphax,Actinopterygii,Siluriformes,Callichthyidae,Peaceful,Bottom,Omnivore,6.5,7.0,24.2,6.0,SA
Denison Barb,/species-spotlight/denison-barb/,Sahyadriadenisonii,Actinopterygii,Cypriniformes,Cyprinidae,Peaceful,Bottom - Middle,Omnivore,7.25,15.0,22.5,15.0,AS
Desana Corydoras,/species-spotlight/desana-corydoras/,Corydorasdesana,Actinopterygii,Siluriformes,Callichthyidae,Peaceful,Bottom,Omnivore,6.75,10.0,24.45,6.5,SA
Diamond Tetra,/species-spotlight/diamond-tetra/,Moenkhausiapittieri,Actinopterygii,Characiformes,Characidae,Peaceful,Bottom - Middle,Omnivore,6.5,8.5,25.85,6.0,SA
Discus,/species-spotlight/discus/,"Symphysodonaequifasciatus,Symphysodondiscus,Symphysodon",Actinopterygii,Cichliformes,Cichlidae,Peaceful,All Levels,Carnivore,6.0,12.5,28.05,25.0,SA
Domino Tetra,/species-spotlight/domino-tetra/,Neolebiaspowelli,Actinopterygii,Characiformes,Distichodontidae,Peaceful,Middle - Top,Omnivore,6.5,12.5,23.9,2.5,AF
Drape Fin Barb,/species-spotlight/drape-fin-barb/,Oreichthyscrenuchoides,Actinopterygii,Cypriniformes,Cyprinidae,Peaceful,Middle - Top,Omnivore,7.0,5.0,25.0,5.0,AS
Duplicate Corydoras,/species-spotlight/duplicate-corydoras/,Corydorasduplicareus,Actinopterygii,Siluriformes,Callichthyidae,Peaceful,Bottom,Omnivore,5.5,8.5,23.0,5.0,SA
Dusky Millions Fish,/species-spotlight/dusky-millions-fish/,Phalloceroscaudimaculatus,Actinopterygii,Cyprinodontiformes,Poeciliidae,Peaceful,All Levels,Omnivore,7.0,12.5,20.0,6.0,SA
Dwarf Chain Loach,/species-spotlight/dwarf-chain-loach/,AmbastaiaSidthimunki,Actinopterygii,Cypriniformes,Botiidae,Peaceful,Bottom - Middle,Omnivore,6.75,7.5,25.85,6.0,AS
Dwarf Ctenopoma,/species-spotlight/dwarf-ctenopoma/,Microctenopomananum,Actinopterygii,Anabantiformes,Anabantidae,Peaceful,Bottom - Middle,Carnivore,6.75,10.0,20.85,7.0,AF
Dwarf Gourami,/species-spotlight/dwarf-gourami/,Trichogasterlalius,Actinopterygii,Anabantiformes,Osphronemidae,Peaceful,Middle - Top,Omnivore,6.75,7.0,25.0,8.0,AS
Dwarf Neon Rainbowfish,/species-spotlight/dwarf-neon-rainbowfish/,Melanotaeniapraecox,Actinopterygii,Atheriniformes,Melanotaeniidae,Peaceful,Middle,Omnivore,7.0,10.0,24.15,6.0,OC
Dwarf Pencilfish,/species-spotlight/dwarf-pencilfish/,Nannostomusmarginatus,Actinopterygii,Characiformes,Lebiasinidae,Peaceful,Middle - Top,Omnivore,6.5,6.5,25.0,3.5,SA
Dwarf Pufferfish,/species-spotlight/dwarf-pufferfish/,CarinotetraodonTravancoricus,Actinopterygii,Tetraodontiformes,Tetraodontidae,Aggressive,Middle,Omnivore,7.0,15.0,25.0,3.5,AS
Dwarf Rasbora,/species-spotlight/dwarf-rasbora/,Borarasmaculatus,Actinopterygii,Cypriniformes,Cyprinidae,Peaceful,Middle - Top,Omnivore,5.25,3.0,24.5,2.5,AS
Dwarf Spotted Danio,/species-spotlight/dwarf-spotted-danio/,Danionigrofasciatus,Actinopterygii,Cypriniformes,Cyprinidae,Peaceful,Middle - Top,Omnivore,6.75,8.5,25.85,4.0,AS
Eggers Killifish,/species-spotlight/eggers-killifish/,Nothobranchiuseggersi,Actinopterygii,Cyprinodontiformes,Nothobranchiidae,Peaceful,Top,Omnivore,7.5,12.5,24.45,5.0,AF
Eight Banded False Barb,/species-spotlight/eight-banded-false-barb/,Eirmotusoctozona,Actinopterygii,Cypriniformes,Cyprinidae,Peaceful,Middle - Top,Omnivore,6.0,7.0,25.0,3.5,AS
Eilyos Tetra,/species-spotlight/eilyos-tetra/,Hyphessobryconeilyos,Actinopterygii,Characiformes,Characidae,Peaceful,Middle - Top,Omnivore,6.5,6.5,25.5,3.0,SA
El Tigre Endler,/species-spotlight/el-tigre-endler/,Poeciliawingei,Actinopterygii,Cyprinodontiformes,Poeciliidae,Peaceful,All Levels,Omnivore,7.75,25.0,26.5,5.0,SA
Electric Blue Jack Dempsey,/species-spotlight/electric-blue-jack-dempsey/,Rociooctofasciatacf,Actinopterygii,Cichliformes,Cichlidae,Semi-Aggressive,All Levels,Omnivore,6.5,10.0,26.1,20.0,NAM
Electric Blue Ram Cichlid,/species-spotlight/electric-blue-ram-cichlid/,Mikrogeophagusramirezi,Actinopterygii,Cichliformes,Cichlidae,Peaceful,Bottom - Middle,Omnivore,6.25,8.5,27.5,10.0,SA
Electric Yellow Cichlid,/species-spotlight/electric-yellow-cichlid/,Labidochromiscaeruleus,Actinopterygii,Cichliformes,Cichlidae,Semi-Aggressive,Bottom - Middle,Omnivore,8.0,12.5,25.0,10.0,AF
Elegant Corydoras,/species-spotlight/elegant-corydoras/,Corydoraselegans,Actinopterygii,Siluriformes,Callichthyidae,Peaceful,Bottom - Middle,Omnivore,7.0,13.5,24.15,5.0,SA
Ember Tetra,/species-spotlight/ember-tetra/,Hyphessobryconamandae,Actinopterygii,Characiformes,Characidae,Peaceful,Bottom - Middle,Omnivore,6.0,11.0,25.85,2.0,SA
Emerald Betta,/species-spotlight/emerald-betta/,Bettasmaragdina,Actinopterygii,Anabantiformes,Osphronemidae,Semi-Aggressive,Top,Omnivore,6.5,6.0,24.15,7.0,AS
Emerald Brochis Corydoras,/species-spotlight/emerald-brochis-corydoras/,Corydorassplendens,Actinopterygii,Siluriformes,Callichthyidae,Peaceful,Bottom,Omnivore,6.5,8.5,23.9,9.0,SA
Emerald Dwarf Danio,/species-spotlight/emerald-dwarf-danio/,Danioerythromicron,Actinopterygii,Cypriniformes,Cyprinidae,Peaceful,Bottom - Middle,Omnivore,7.7,17.5,22.8,4.0,AS
Emerald Eye Rasbora,/species-spotlight/emerald-eye-rasbora/,Breviboradorsiocellata,Actinopterygii,Cypriniformes,Cyprinidae,Peaceful,Middle - Top,Omnivore,6.75,7.5,24.0,3.5,AS
Emperor Tetra,/species-spotlight/emperor-tetra/,Nematobryconpalmeri,Actinopterygii,Characiformes,Characidae,Peaceful,Bottom - Middle,Omnivore,6.25,6.0,24.75,4.5,SA
Empire Gudgeon,/species-spotlight/empire-gudgeon/,Hypseleotriscompressa,Actinopterygii,Gobiiformes,Eleotridae,Peaceful,Bottom,Omnivore,7.0,13.5,27.5,12.0,OC
Eurasian Minnow,/species-spotlight/eurasian-minnow/,Phoxinusphoxinus,Actinopterygii,Cypriniformes,Leuciscidae,Peaceful,Bottom - Middle,Omnivore,7.25,6.0,15.85,10.0,AS
European Bitterling,/species-spotlight/european-bitterling/,Rhodeusamarus,Actinopterygii,Cypriniformes,Cyprinidae,Peaceful,Bottom - Middle,Omnivore,7.25,3.0,17.25,10.0,EU
Exclamation Mark Tetra,/species-spotlight/exclamation-mark-tetra/,Bryconellapallidifrons,Actinopterygii,Characiformes,Characidae,Peaceful,Middle - Top,Omnivore,6.75,7.5,26.7,3.5,SA
Exclamation Point Rasbora,/species-spotlight/exclamation-point-rasbora/,Borarasurophthalmoides,Actinopterygii,Cypriniformes,Cyprinidae,Peaceful,Middle - Top,Omnivore,6.5,10.0,26.1,2.0,AS
Fairy Cichlid,/species-spotlight/fairy-cichlid/,Neolamprologusbrichardi,Actinopterygii,Cichliformes,Cichlidae,Semi-Aggressive,All Levels,Omnivore,7.5,20.0,25.0,9.0,AF
Fairy Corydoras,/species-spotlight/fairy-corydoras/,Corydorasatropersonatus,Actinopterygii,Siluriformes,Callichthyidae,Peaceful,Bottom,Omnivore,7.0,15.0,22.5,5.0,SA
False Armatus Corydoras,/species-spotlight/false-armatus-corydoras/,Corydorassp,Actinopterygii,Siluriformes,Callichthyidae,Peaceful,Bottom,Omnivore,6.5,8.5,23.05,7.0,SA
False Bandit Corydoras,/species-spotlight/false-bandit-corydoras/,Corydorasmelini,Actinopterygii,Siluriformes,Callichthyidae,Peaceful,Bottom,Omnivore,7.0,13.5,24.15,5.0,SA
False Network Corydoras,/species-spotlight/false-network-corydoras/,Corydorassodalis,Actinopterygii,Siluriformes,Callichthyidae,Peaceful,Bottom,Omnivore,7.0,13.5,24.2,5.0,SA
False Siamese Algae Eater,/species-spotlight/false-siamese-algae-eater/,Garracambodgiensis,Actinopterygii,Cypriniformes,Cyprinidae,Peaceful,Bottom,Omnivore,6.75,9.0,23.35,15.0,AS
Fire Ant Tetra,/species-spotlight/fire-ant-tetra/,Hyphessobryconmyrmex,Actinopterygii,Characiformes,Characidae,Peaceful,Middle - Top,Omnivore,6.75,10.0,25.0,2.0,SA
Fire Bar Danio,/species-spotlight/fire-bar-danio/,Devariomaetaengensis,Actinopterygii,Cypriniformes,Cyprinidae,Peaceful,Middle - Top,Omnivore,6.5,6.5,23.05,5.0,AS
Fire Green Tetra,/species-spotlight/fire-green-tetra/,Aphyocharaxrathbuni,Actinopterygii,Characiformes,Characidae,Peaceful,Middle - Top,Omnivore,7.0,14.0,23.05,4.5,SA
Fire Rasbora,/species-spotlight/fire-rasbora/,RasboroidesVaterifloris,Actinopterygii,Cypriniformes,Cyprinidae,Peaceful,Middle - Top,Omnivore,6.25,6.0,26.65,4.0,AS
Fireline Danio,/species-spotlight/fireline-danio/,Devariosondhii,Actinopterygii,Cypriniformes,Cyprinidae,Peaceful,Middle - Top,Omnivore,7.0,8.5,23.0,6.0,AS
Firemouth Cichlid,/species-spotlight/firemouth-cichlid/,Thorichthysmeeki,Actinopterygii,Cichliformes,Cichlidae,Semi-Aggressive,Bottom - Middle,Omnivore,7.25,11.5,26.95,15.0,NAM
Flag Cichlid,/species-spotlight/flag-cichlid/,MesonautaFestivus,Actinopterygii,Cichliformes,Cichlidae,Peaceful,All Levels,Omnivore,6.5,10.0,25.0,15.0,SA
Flag Tailed Panda Corydoras,/species-spotlight/flag-tailed-panda-corydoras/,Corydorasoiapoquensis,Actinopterygii,Siluriformes,Callichthyidae,Peaceful,Bottom,Omnivore,6.5,11.0,22.5,5.0,SA
Flag Tetra,/species-spotlight/flag-tetra/,Hyphessobryconheterorhabdus,Actinopterygii,Characiformes,Characidae,Peaceful,Middle - Top,Omnivore,6.5,10.0,25.5,3.5,SA
Flagtail Catfish,/species-spotlight/flagtail-catfish/,Dianemaurostriatum,Actinopterygii,Siluriformes,Callichthyidae,Peaceful,Bottom,Omnivore,7.0,12.5,25.0,13.0,SA
Flagtail Corydoras,/species-spotlight/flagtail-corydoras/,Corydorasrobineae,Actinopterygii,Siluriformes,Callichthyidae,Peaceful,Bottom,Omnivore,7.0,8.5,23.5,7.0,SA
Flame Tetra,/species-spotlight/flame-tetra/,Hyphessobryconflammeus,Actinopterygii,Characiformes,Characidae,Peaceful,Middle - Top,Omnivore,6.5,9.0,25.0,4.0,SA
Flameback Bleeding Heart Tetra,/species-spotlight/flameback-bleeding-heart-tetra/,Hyphessobryconpyrrhonotus,Actinopterygii,Characiformes,Characidae,Peaceful,Middle - Top,Omnivore,5.5,6.0,23.5,6.0,SA
Flash Plecostomus,/species-spotlight/flash-plecostomus/,Panaqolusalbivermis,Actinopterygii,Siluriformes,Loricariidae,Peaceful,Bottom,Omnivore,6.75,10.0,27.2,12.0,SA
Forktail Blue Eye Rainbowfish,/species-spotlight/forktail-blue-eye-rainbowfish/,Pseudomugilfurcatus,Actinopterygii,Atheriniformes,Melanotaeniidae,Peaceful,Middle,Omnivore,7.0,13.0,25.0,5.5,OC
Frail Gourami,/species-spotlight/frail-gourami/,Ctenopsnobilis,Actinopterygii,Anabantiformes,Osphronemidae,Aggressive,Middle - Top,Carnivore,6.25,15.0,20.0,10.0,AS
Frankei Tetra,/species-spotlight/frankei-tetra/,Hyphessobryconfrankei,Actinopterygii,Characiformes,Characidae,Peaceful,Middle - Top,Omnivore,4.25,3.0,25.0,4.5,SA
Fulleri Corydoras,/species-spotlight/fulleri-corydoras/,CorydorasfulleriC115/C116,Actinopterygii,Siluriformes,Callichthyidae,Peaceful,Bottom,Omnivore,7.25,10.0,24.15,7.5,SA
Gabon Killifish,/species-spotlight/gabon-killifish/,Aphyosemiongabunense,Actinopterygii,Cyprinodontiformes,Nothobranchiidae,Peaceful,Middle - Top,Omnivore,7.0,10.0,24.15,5.0,AF
Galaxy Plecostomus L029,/species-spotlight/galaxy-plecostomus-l029/,Leporacanthicusgalaxias,Actinopterygii,Siluriformes,Loricariidae,Peaceful,Bottom,Omnivore,6.25,5.5,24.15,25.0,SA
German Blue Ram Cichlid,/species-spotlight/german-blue-ram-cichlid/,Mikrogeophagusramirezi,Actinopterygii,Cichliformes,Cichlidae,Peaceful,Bottom - Middle,Omnivore,6.25,8.5,24.15,10.0,SA
Giant Chocolate Gourami,/species-spotlight/giant-chocolate-gourami/,Sphaerichthysacrostoma,Actinopterygii,Anabantiformes,Osphronemidae,Peaceful,Middle - Top,Omnivore,5.0,15.0,22.5,10.0,AS
Giant Colombian Ramshorn Snail,/species-spotlight/giant-colombian-ramshorn-snail/,Marisacornuarietis,Gastropoda,Architaenioglossa,Ampullariidae,Peaceful,All Levels,Omnivore,7.75,16.0,25.55,5.0,NAM
Giant Danio,/species-spotlight/giant-danio/,Devarioaequipinnatus,Actinopterygii,Cypriniformes,Cyprinidae,Semi-Aggressive,Middle - Top,Omnivore,7.0,12.0,24.7,10.0,AS
Giant Gourami,/species-spotlight/giant-gourami/,Osphronemusgoramy,Actinopterygii,Anabantiformes,Osphronemidae,Peaceful,All Levels,Omnivore,7.25,15.0,25.0,70.0,AS
Giant Red Tail Gourami,/species-spotlight/giant-red-tail-gourami/,Osphronemuslaticlavius,Actinopterygii,Anabantiformes,Osphronemidae,Peaceful,Middle - Top,Omnivore,7.25,15.0,25.0,50.0,AS
Glass Bloodfin Tetra,/species-spotlight/glass-bloodfin-tetra/,Prionobramafiligera,Actinopterygii,Characiformes,Characidae,Peaceful,Middle - Top,Omnivore,6.75,12.5,25.0,6.0,SA
Glass Catfish,/species-spotlight/glass-catfish/,Kryptopterusvitreolus,Actinopterygii,Siluriformes,Siluridae,Peaceful,Middle,Omnivore,7.0,6.5,25.55,15.0,AS
Glowlight Danio,/species-spotlight/glowlight-danio/,Celestichthyschoprae,Actinopterygii,Cypriniformes,Cyprinidae,Peaceful,Middle - Top,Omnivore,7.0,6.5,20.85,5.5,AS
Glowlight Rasbora,/species-spotlight/glowlight-rasbora/,Trigonostigmahengeli,Actinopterygii,Cypriniformes,Cyprinidae,Peaceful,All Levels,Omnivore,6.75,8.0,25.3,3.0,AS
Glowlight Tetra,/species-spotlight/glowlight-tetra/,Hemigrammuserythrozonus,Actinopterygii,Characiformes,Characidae,Peaceful,Middle,Omnivore,6.5,9.0,25.5,5.0,SA
Gold Barb,/species-spotlight/gold-barb/,Barbodessemifasciolatus,Actinopterygii,Cypriniformes,Cyprinidae,Peaceful,Middle - Top,Omnivore,7.0,5.5,20.85,7.5,AS
Gold Laser Corydoras,/species-spotlight/gold-laser-corydoras/,CorydorasspCW010,Actinopterygii,Siluriformes,Callichthyidae,Peaceful,Bottom,Omnivore,7.0,7.5,23.9,7.0,SA
Gold Nebula Shrimp,/species-spotlight/gold-nebula-shrimp/,Caridinavilladolidi,Malacostraca,Decapoda,Atyidae,Peaceful,All Levels,Omnivore,7.0,4.5,24.0,5.0,AS
Gold Nugget Plecostomus,/species-spotlight/gold-nugget-plecostomus/,Baryancistrusxanthellus,Actinopterygii,Siluriformes,Loricariidae,Peaceful,Bottom,Omnivore,6.75,10.0,27.5,22.5,SA
Gold Ring Danio,/species-spotlight/gold-ring-danio/,Daniotinwini,Actinopterygii,Cypriniformes,Cyprinidae,Peaceful,Middle - Top,Omnivore,7.0,11.5,21.95,3.0,AS
Gold Shoulder Rosy Tetra,/species-spotlight/gold-shoulder-rosy-tetra/,Hyphessobryconpaepkei,Actinopterygii,Characiformes,Characidae,Peaceful,Middle - Top,Omnivore,6.5,6.5,25.0,4.0,SA
Gold Stripe Tiger Panaque,/species-spotlight/gold-stripe-tiger-panaque/,Panaqolussp,Actinopterygii,Siluriformes,Loricariidae,Peaceful,Bottom - Middle,Omnivore,6.75,10.0,27.2,8.0,SA
Gold Striped Danio,/species-spotlight/gold-striped-danio/,Devariochrysotaeniatus,Actinopterygii,Cypriniformes,Cyprinidae,Peaceful,Middle - Top,Omnivore,6.5,10.0,24.2,7.5,AS
Gold Tetra,/species-spotlight/gold-tetra/,Hemigrammusrodwayi,Actinopterygii,Characiformes,Characidae,Peaceful,All Levels,Omnivore,6.5,8.0,25.85,4.0,SA
Golden Bristlenose Plecostomus,/species-spotlight/golden-bristlenose-plecostomus/,Ancistrussp,Actinopterygii,Siluriformes,Loricariidae,Peaceful,Bottom,Omnivore,6.5,8.0,23.35,12.0,NAM
Golden Dwarf Barb,/species-spotlight/golden-dwarf-barb/,Pethiagelius,Actinopterygii,Cypriniformes,Cyprinidae,Peaceful,Middle - Top,Omnivore,6.0,11.5,22.5,5.0,AS
Golden Malili Goby,/species-spotlight/golden-malili-goby/,Mugilogobiusrexi,Actinopterygii,Gobiiformes,Gobiidae,Peaceful,Bottom - Middle,Omnivore,7.5,5.0,26.4,5.0,AS
Golden Mascara Tetra,/species-spotlight/golden-mascara-tetra/,Cyphocharaxmultilineatus,Actinopterygii,Characiformes,Curimatidae,Peaceful,Middle - Top,Omnivore,6.5,14.0,24.45,10.0,SA
Golden Mbuna Cichlid,/species-spotlight/golden-mbuna-cichlid/,Melanochromisauratus,Actinopterygii,Cichliformes,Cichlidae,Aggressive,All Levels,Omnivore,8.0,17.5,25.3,13.0,AF
Golden Pencilfish,/species-spotlight/golden-pencilfish/,Nannostomusbeckfordi,Actinopterygii,Characiformes,Lebiasinidae,Peaceful,All Levels,Omnivore,6.75,12.0,23.65,4.0,SA
Golden Tetra,/species-spotlight/golden-tetra/,Hyphessobryconmoniliger,Actinopterygii,Characiformes,Characidae,Peaceful,Middle - Top,Omnivore,6.5,10.0,25.0,3.5,SA
Golden Wonder Panchax,/species-spotlight/golden-wonder-panchax/,Aplocheiluslineatus,Actinopterygii,Cyprinodontiformes,Aplocheilidae,Peaceful,Middle - Top,Omnivore,6.75,12.5,24.15,10.0,AS
Golden Zebra Loach,/species-spotlight/golden-zebra-loach/,BotiaHistrionica,Actinopterygii,Cypriniformes,Cobitidae,Peaceful,Bottom,Omnivore,7.0,7.5,26.65,12.5,AS
Graceful Rasbora,/species-spotlight/graceful-rasbora/,TrigonopomaGracile,Actinopterygii,Cypriniformes,Cyprinidae,Peaceful,Middle,Omnivore,5.5,17.5,23.5,5.5,AS
Green Babaulti Shrimp,/species-spotlight/green-babaulti-shrimp/,Caridinababaulti,Malacostraca,Decapoda,Atyidae,Peaceful,All Levels,Omnivore,7.0,7.0,26.0,4.0,AS
Green Jade Shrimp,/species-spotlight/green-jade-shrimp/,NeocaridinaDavidi,Malacostraca,Decapoda,Atyidae,Peaceful,All Levels,Omnivore,7.5,6.0,23.6,3.0,AS
Green Laser Corydoras,/species-spotlight/green-laser-corydoras/,Corydorassp.(CW009),Actinopterygii,Siluriformes,Callichthyidae,Peaceful,Bottom,Omnivore,7.0,10.0,23.9,7.5,SA
Green Neon Tetra,/species-spotlight/green-neon-tetra/,Paracheirodonsimulans,Actinopterygii,Characiformes,Characidae,Peaceful,Middle - Top,Omnivore,5.5,7.0,26.4,2.5,SA
Green Phantom Plecostomus,/species-spotlight/green-phantom-plecostomus/,HemiancistrusSubviridis,Actinopterygii,Siluriformes,Loricariidae,Peaceful,Bottom,Omnivore,6.5,6.0,27.8,15.0,SA
Green Spotted Pufferfish,/species-spotlight/green-spotted-pufferfish/,TetraodonNigroviridis,Actinopterygii,Tetraodontiformes,Tetraodontidae,Aggressive,Middle,Carnivore,7.85,9.5,26.7,15.0,AS
Green Tiger Loach,/species-spotlight/green-tiger-loach/,SyncrossusHymenophysa,Actinopterygii,Cypriniformes,Botiidae,Semi-Aggressive,Bottom,Omnivore,6.75,9.0,27.5,25.0,AS
Guapore Corydoras,/species-spotlight/guapore-corydoras/,CorydorasGuapore,Actinopterygii,Siluriformes,Callichthyidae,Peaceful,Bottom - Middle,Omnivore,6.0,13.5,24.5,4.5,SA
Harlequin Rasbora,/species-spotlight/harlequin-rasbora/,Trigonostigmaheteromorpha,Actinopterygii,Cypriniformes,Cyprinidae,Peaceful,Middle - Top,Omnivore,6.25,8.5,24.45,5.0,AS
Head and Taillight Tetra,/species-spotlight/head-and-taillight-tetra/,Hemigrammusocellifer,Actinopterygii,Characiformes,Characidae,Peaceful,Middle - Top,Omnivore,6.5,12.5,25.85,5.0,SA
Hikari Corydoras,/species-spotlight/hikari-corydoras/,Corydorassp(CW160),Actinopterygii,Siluriformes,Callichthyidae,Peaceful,Bottom,Omnivore,6.75,12.5,24.0,6.0,SA
Hikari Danio,/species-spotlight/hikari-danio/,Daniosp.Hikari,Actinopterygii,Cypriniformes,Cyprinidae,Peaceful,Middle,Omnivore,7.0,10.0,21.95,5.0,AS
Hillstream Loach,/species-spotlight/hillstream-loach/,Beaufortiakweichowensis,Actinopterygii,Cypriniformes,Balitoridae,Peaceful,Bottom,Omnivore,7.25,6.5,21.95,8.0,AS
Hockeystick Pencilfish,/species-spotlight/hockeystick-pencilfish/,Nannostomuseques,Actinopterygii,Characiformes,Lebiasinidae,Peaceful,Middle - Top,Omnivore,6.0,6.5,25.3,5.0,SA
Honey Blue Eye Rainbowfish,/species-spotlight/honey-blue-eye-rainbowfish/,PseudomugilMellis,Actinopterygii,Atheriniformes,Melanotaeniidae,Peaceful,Middle - Top,Omnivore,6.0,8.5,25.0,3.5,OC
Honey Gourami,/species-spotlight/honey-gourami/,Trichogasterchuna,Actinopterygii,Anabantiformes,Osphronemidae,Peaceful,Middle - Top,Omnivore,6.75,7.0,25.0,7.0,AS
Horseface Loach,/species-spotlight/horseface-loach/,Acantopsisdialuzona,Actinopterygii,Cypriniformes,Cobitidae,Peaceful,Bottom - Middle,Omnivore,7.0,6.0,19.75,25.0,AS
Horsemans Corydoras,/species-spotlight/horsemans-corydoras/,CorydorasEques,Actinopterygii,Siluriformes,Callichthyidae,Peaceful,Bottom,Omnivore,7.0,8.5,24.15,5.0,SA
Hovering Zebra Loach,/species-spotlight/hovering-zebra-loach/,Yunnaniluscruciatus,Actinopterygii,Cypriniformes,Nemacheilidae,Peaceful,Bottom - Middle,Omnivore,6.75,7.0,26.0,3.5,AS
Hummingbird Tetra,/species-spotlight/hummingbird-tetra/,Trochilocharaxornatus,Actinopterygii,Characiformes,Characidae,Peaceful,Middle - Top,Omnivore,5.5,10.0,23.9,2.0,SA
Imitator Corydoras,/species-spotlight/imitator-corydoras/,CorydorasImitator,Actinopterygii,Siluriformes,Callichthyidae,Peaceful,Bottom,Omnivore,5.5,12.5,22.8,6.5,SA
Imperial Tetra,/species-spotlight/imperial-tetra/,Hyphessobryconnigricinctus,Actinopterygii,Characiformes,Characidae,Peaceful,Middle - Top,Omnivore,7.0,10.0,23.5,6.0,SA
Indian Glass Fish,/species-spotlight/indian-glass-fish/,Parambassisranga,Actinopterygii,Perciformes,Ambassidae,Peaceful,Bottom - Middle,Omnivore,7.0,14.0,25.0,8.0,AS
Indian Hifin Barb,/species-spotlight/indian-hifin-barb/,Oreichthyscosuatis,Actinopterygii,Cypriniformes,Cyprinidae,Peaceful,Bottom - Middle,Omnivore,7.0,10.0,25.85,4.5,AS
Infernal Tetra,/species-spotlight/infernal-tetra/,"Hemigrammus/Hyphessobrycon""Infernalis""",Actinopterygii,Characiformes,Characidae,Semi-Aggressive,Middle - Top,Omnivore,6.5,10.0,25.0,6.0,SA
Ivantsoffs Blue Eye Rainbowfish,/species-spotlight/ivantsoffs-blue-eye-rainbowfish/,Pseudomugilivantsoffi,Actinopterygii,Atheriniformes,Melanotaeniidae,Peaceful,Middle,Omnivore,7.0,10.0,26.65,3.5,AS
Jae Barb,/species-spotlight/jae-barb/,EnteromiusJae,Actinopterygii,Cypriniformes,Cyprinidae,Peaceful,Bottom - Middle,Omnivore,6.5,3.0,23.05,4.0,AF
Jellybean Tetra,/species-spotlight/jellybean-tetra/,Ladigesiaroloffi,Actinopterygii,Characiformes,Alestidae,Peaceful,Middle - Top,Omnivore,6.5,6.5,24.0,3.0,AF
Jewel Cichlid,/species-spotlight/jewel-cichlid/,Hemichromisbimaculatus,Actinopterygii,Cichliformes,Cichlidae,Semi-Aggressive,Bottom - Middle,Omnivore,7.0,11.0,25.0,15.0,AF
Kamaka Rainbowfish,/species-spotlight/kamaka-rainbowfish/,MelanotaeniaKamaka,Actinopterygii,Atheriniformes,Melanotaeniidae,Peaceful,Middle,Omnivore,7.75,12.5,25.0,7.0,AS
Kansu Loach,/species-spotlight/kansu-loach/,Sinibotiarobusta,Actinopterygii,Cypriniformes,Cobitidae,Peaceful,Bottom - Middle,Omnivore,7.5,15.0,21.5,18.0,AS
Kitty Tetra,/species-spotlight/kitty-tetra/,Hyphessobryconloweae,Actinopterygii,Characiformes,Characidae,Peaceful,Middle - Top,Omnivore,6.5,8.0,25.85,4.0,SA
Kogal Blue Eyed Tetra,/species-spotlight/kogal-blue-eyed-tetra/,Moenkhausiasp,Actinopterygii,Characiformes,Characidae,Peaceful,Middle,Omnivore,6.5,8.5,25.0,6.0,SA
Kribensis Cichlid,/species-spotlight/kribensis-cichlid/,PelvicachromisPulcher,Actinopterygii,Cichliformes,Cichlidae,Peaceful,Bottom - Middle,Omnivore,7.0,12.5,25.0,10.0,AF
Kuhli Loach,/species-spotlight/kuhli-loach/,Pangiokuhlii,Actinopterygii,Cypriniformes,Cobitidae,Peaceful,Bottom,Omnivore,6.5,10.0,26.65,11.0,AS
Lake Inle Danio,/species-spotlight/lake-inle-danio/,Devarioauropurpureus,Actinopterygii,Cypriniformes,Cyprinidae,Peaceful,Middle - Top,Omnivore,7.0,17.5,21.5,8.0,AS
Lake Kutubu Rainbowfish,/species-spotlight/lake-kutubu-rainbowfish/,Melanotaenialacustris,Actinopterygii,Atheriniformes,Melanotaeniidae,Peaceful,Middle,Omnivore,7.75,16.5,23.6,12.5,OC
Lake Tebera Rainbowfish,/species-spotlight/lake-tebera-rainbowfish/,Melanotaeniaherbertaxelrodi,Actinopterygii,Atheriniformes,Melanotaeniidae,Peaceful,Middle - Top,Omnivore,7.75,12.5,23.05,10.0,OC
Lambchop Rasbora,/species-spotlight/lambchop-rasbora/,Trigonostigmaespei,Actinopterygii,Cypriniformes,Cyprinidae,Peaceful,All Levels,Omnivore,7.0,8.0,24.75,3.0,AS
Laos Danio,/species-spotlight/laos-danio/,DevarioLaoensis,Actinopterygii,Cypriniformes,Cyprinidae,Peaceful,Middle - Top,Omnivore,6.75,8.5,24.0,6.5,AS
Lemon Cichlid,/species-spotlight/lemon-cichlid/,Neolamprologusleleupi,Actinopterygii,Cichliformes,Cichlidae,Semi-Aggressive,All Levels,Omnivore,8.25,16.5,25.0,10.0,AF
Lemon Tetra,/species-spotlight/lemon-tetra/,Hyphessobryconpulchripinnis,Actinopterygii,Characiformes,Characidae,Peaceful,Middle - Top,Omnivore,6.75,5.5,23.9,5.0,SA
Leopard Bush Fish,/species-spotlight/leopard-bush-fish/,Ctenopomaacutirostre,Actinopterygii,Anabantiformes,Anabantidae,Semi-Aggressive,Middle - Top,Carnivore,6.5,10.0,22.8,15.0,AF
Leopard Corydoras,/species-spotlight/leopard-corydoras/,CorydorasTrilineatus,Actinopterygii,Siluriformes,Callichthyidae,Peaceful,Bottom,Omnivore,6.5,13.5,24.15,5.5,SA
Leopard Danio,/species-spotlight/leopard-danio/,DanioRerio,Actinopterygii,Cypriniformes,Cyprinidae,Peaceful,Middle,Omnivore,7.0,11.0,22.5,6.0,AS
Leopard Frog Plecostomus,/species-spotlight/leopard-frog-plecostomus/,Peckoltiacompta,Actinopterygii,Siluriformes,Loricariidae,Peaceful,Bottom,Omnivore,6.75,8.5,27.0,10.0,SA
Leopard Sailfin Plecostomus,/species-spotlight/leopard-sailfin-plecostomus/,Pterygoplichthysgibbiceps,Actinopterygii,Siluriformes,Loricariidae,Peaceful,Bottom,Omnivore,7.25,11.0,26.4,50.0,SA
Licorice Gourami,/species-spotlight/licorice-gourami/,Parosphromenusdeissneri,Actinopterygii,Anabantiformes,Osphronemidae,Peaceful,Bottom - Middle,Omnivore,5.0,6.0,24.75,4.0,AS
Lined Barb,/species-spotlight/lined-barb/,Striuntiuslineatus,Actinopterygii,Cypriniformes,Cyprinidae,Peaceful,Bottom - Middle,Omnivore,5.5,10.0,23.05,6.0,AS
Lipstick Barb,/species-spotlight/lipstick-barb/,Pethiaerythromycter,Actinopterygii,Cypriniformes,Cyprinidae,Peaceful,Middle,Omnivore,7.0,10.0,22.5,4.0,AS
Lipstick Tetra,/species-spotlight/lipstick-tetra/,Moenkhausiacosmops,Actinopterygii,Characiformes,Characidae,Peaceful,Middle - Top,Omnivore,6.75,8.5,24.5,6.0,SA
Long Finned Tetra,/species-spotlight/long-finned-tetra/,Brycinuslongipinnis,Actinopterygii,Characiformes,Alestidae,Peaceful,Middle - Top,Omnivore,6.75,12.0,24.15,12.5,AF
Loreto Tetra,/species-spotlight/loreto-tetra/,Hyphessobryconloretoensis,Actinopterygii,Characiformes,Characidae,Peaceful,Middle - Top,Omnivore,6.0,9.0,24.75,3.0,SA
Lyretail Killifish,/species-spotlight/lyretail-killifish/,Aphyosemionaustrale,Actinopterygii,Cyprinodontiformes,Nothobranchiidae,Peaceful,Middle - Top,Omnivore,6.25,7.5,26.15,6.0,AF
Macmasters Apistogramma,/species-spotlight/macmasters-apistogramma/,Apistogrammamacmasteri,Actinopterygii,Cichliformes,Cichlidae,Peaceful,Bottom - Middle,Omnivore,6.25,4.5,25.85,7.0,SA
Mahecola Barb,/species-spotlight/mahecola-barb/,Puntiusmahecola,Actinopterygii,Cypriniformes,Cyprinidae,Peaceful,Bottom - Middle,Omnivore,6.75,8.5,20.85,7.5,AS
Malabar Danio,/species-spotlight/malabar-danio/,Devariomalabaricus,Actinopterygii,Cypriniformes,Cyprinidae,Peaceful,Bottom - Middle,Omnivore,7.0,10.0,21.7,10.0,AS
Mamou Killifish,/species-spotlight/mamou-killifish/,Scriptaphyosemionguignardimamou,Actinopterygii,Cyprinodontiformes,Nothobranchiidae,Peaceful,Middle - Top,Omnivore,6.0,8.5,23.35,5.5,AF
Marble Sturisoma Whiptail Catfish,/species-spotlight/marble-sturisoma-whiptail-catfish/,Sturisomaaureum,Actinopterygii,Siluriformes,Loricariidae,Peaceful,Bottom - Middle,Omnivore,6.75,12.5,23.05,20.0,SA
Marbled Hatchetfish,/species-spotlight/marbled-hatchetfish/,Carnegiellastrigata,Actinopterygii,Characiformes,Gasteropelecidae,Peaceful,Top,Omnivore,6.0,11.0,25.85,3.5,SA
Marbled Limpet Nerite Snail,/species-spotlight/marbled-limpet-nerite-snail/,Septariaporcellana,Gastropoda,Cycloneritida,Neritidae,Peaceful,All Levels,Herbivore,7.5,7.0,25.5,3.0,AS
Marliers Julie,/species-spotlight/marliers-julie/,Julidochromismarlieri,Actinopterygii,Cichliformes,Cichlidae,Semi-Aggressive,Bottom - Middle,Omnivore,8.0,11.5,24.45,15.0,AF
Mascara Barb,/species-spotlight/mascara-barb/,DawkinsiaAssimilis,Actinopterygii,Cypriniformes,Cyprinidae,Peaceful,Middle - Top,Omnivore,7.0,10.0,22.5,9.0,AS
Mbu Pufferfish,/species-spotlight/mbu-pufferfish/,Tetraodonmbu,Actinopterygii,Tetraodontiformes,Tetraodontidae,Aggressive,Bottom - Middle,Molluscivore,7.5,17.5,25.0,75.0,AF
Meghalaya Danio,/species-spotlight/meghalaya-danio/,DanioMeghalayensis,Actinopterygii,Cypriniformes,Cyprinidae,Peaceful,Middle - Top,Omnivore,7.0,9.5,21.95,10.0,AS
Melanzona Guppy,/species-spotlight/melanzona-guppy/,Poeciliaparae,Actinopterygii,Cyprinodontiformes,Poeciliidae,Peaceful,Middle - Top,Omnivore,7.5,14.0,25.85,5.0,SA
Melon Barb,/species-spotlight/melon-barb/,Haludariafasciata,Actinopterygii,Cypriniformes,Cyprinidae,Peaceful,Bottom - Middle,Omnivore,6.5,5.0,24.15,6.0,AS
Merry Widow Livebearer,/species-spotlight/merry-widow-livebearer/,Phallichthysamates,Actinopterygii,Cyprinodontiformes,Poeciliidae,Peaceful,All Levels,Omnivore,7.0,12.5,25.3,7.0,NAM
Mexican Tetra,/species-spotlight/mexican-tetra/,Astyanaxmexicanus,Actinopterygii,Characiformes,Characidae,Peaceful,Middle,Omnivore,7.25,17.5,22.5,12.0,NAM
Mollies,/species-spotlight/mollies/,PoeciliaSphenops,Actinopterygii,Cyprinodontiformes,Poeciliidae,Peaceful,All Levels,Omnivore,7.5,22.5,23.9,12.0,SA
Montags Tetra,/species-spotlight/montags-tetra/,Hyphessbryconmontagi,Actinopterygii,Characiformes,Characidae,Peaceful,Middle - Top,Omnivore,6.0,9.0,25.3,3.0,SA
Moonlight Gourami,/species-spotlight/moonlight-gourami/,Trichopodusmicrolepis,Actinopterygii,Anabantiformes,Osphronemidae,Peaceful,Middle - Top,Omnivore,6.75,13.5,27.5,15.0,AS
Mottled Ctenopoma,/species-spotlight/mottled-ctenopoma/,Ctenopomaweeksii,Actinopterygii,Anabantiformes,Anabantidae,Peaceful,Bottom - Middle,Carnivore,6.75,9.5,25.85,12.0,AF
Mountain Crystal Tetra,/species-spotlight/mountain-crystal-tetra/,Protocheirodonpi,Actinopterygii,Characiformes,Characidae,Peaceful,Middle,Omnivore,6.75,12.5,25.5,4.0,SA
Narayan Barb,/species-spotlight/narayan-barb/,"Pethiasetnai,Pethianarayani",Actinopterygii,Cypriniformes,Cyprinidae,Peaceful,Middle,Omnivore,6.75,7.0,23.0,7.0,AS
Nego Dagua Tetra,/species-spotlight/nego-dagua-tetra/,Hyphessobryconnegodagua,Actinopterygii,Characiformes,Characidae,Peaceful,Bottom - Middle,Omnivore,6.25,6.5,25.85,3.0,SA
Neon Blue Rasbora,/species-spotlight/neon-blue-rasbora/,Sundadanioaxelrodi,Actinopterygii,Cypriniformes,Cyprinidae,Peaceful,Middle - Top,Omnivore,5.25,3.5,24.45,3.0,AS
Neon Green Rasbora,/species-spotlight/neon-green-rasbora/,Microdevariokubotai,Actinopterygii,Cypriniformes,Cyprinidae,Peaceful,Middle - Top,Omnivore,6.5,6.0,24.5,2.0,AS
Neon Tetra,/species-spotlight/neon-tetra/,Paracheirodoninnesi,Actinopterygii,Characiformes,Characidae,Peaceful,Middle,Omnivore,6.25,6.0,23.35,4.0,SA
Nijssens Corydoras,/species-spotlight/nijssens-corydoras/,Corydorasnijsseni,Actinopterygii,Siluriformes,Callichthyidae,Peaceful,Bottom - Middle,Omnivore,6.0,6.0,23.6,5.0,SA
Ninja Shrimp,/species-spotlight/ninja-shrimp/,Caridinaserratirostris,Malacostraca,Decapoda,Atyidae,Peaceful,All Levels,Omnivore,7.25,8.0,25.5,2.5,OC
Normans Lampeye Killifish,/species-spotlight/normans-lampeye-killifish/,Poropanchaxnormani,Actinopterygii,Cyprinodontiformes,Poeciliidae,Peaceful,Middle - Top,Omnivore,7.0,10.0,24.15,4.0,AF
Odessa Barb,/species-spotlight/odessa-barb/,PethiaPadamya,Actinopterygii,Cypriniformes,Cyprinidae,Peaceful,Middle,Omnivore,6.75,6.0,25.0,8.0,AS
Opaline Gourami,/species-spotlight/opaline-gourami/,Trichopodustrichopterus,Actinopterygii,Anabantiformes,Osphronemidae,Peaceful,Middle,Omnivore,7.0,20.0,25.85,15.0,AS
Orange Finned Danio,/species-spotlight/orange-finned-danio/,Daniokyathit,Actinopterygii,Cypriniformes,Cyprinidae,Peaceful,Top,Omnivore,7.0,9.5,20.85,5.0,AS
Orange Rili Shrimp,/species-spotlight/orange-rili-shrimp/,NeocaridinaHeteropodaVa,Malacostraca,Decapoda,Atyidae,Peaceful,Bottom - Middle,Omnivore,7.3,11.0,21.1,2.5,AS
Ornate Ctenopoma,/species-spotlight/ornate-ctenopoma/,Microctenopomaansorgii,Actinopterygii,Anabantiformes,Anabantidae,Peaceful,Bottom - Middle,Carnivore,6.5,12.5,23.35,8.0,AF
Ornate Rainbowfish,/species-spotlight/ornate-rainbowfish/,Rhadinocentrusornatus,Actinopterygii,Atheriniformes,Melanotaeniidae,Peaceful,Middle,Omnivore,6.5,15.0,23.9,8.0,OC
Ornate Tetra,/species-spotlight/ornate-tetra/,Hyphessobryconbentosi,Actinopterygii,Characiformes,Characidae,Peaceful,All Levels,Omnivore,7.25,7.5,25.3,5.0,SA
Pacific Blue Eye Rainbowfish,/species-spotlight/pacific-blue-eye-rainbowfish/,Pseudomugilsignifer,Actinopterygii,Atheriniformes,Melanotaeniidae,Peaceful,Middle - Top,Omnivore,7.0,10.0,24.5,7.0,OC
Palespotted Corydoras,/species-spotlight/palespotted-corydoras/,Corydorasgossei,Actinopterygii,Siluriformes,Callichthyidae,Peaceful,Bottom,Omnivore,6.25,7.0,24.15,6.0,SA
Panda Corydoras,/species-spotlight/panda-corydoras/,CorydorasPanda,Actinopterygii,Siluriformes,Callichthyidae,Peaceful,Bottom,Omnivore,7.0,11.0,22.5,5.0,SA
Panda Garra,/species-spotlight/panda-garra/,GarraFlavatra,Actinopterygii,Cypriniformes,Cyprinidae,Peaceful,Bottom - Middle,Omnivore,6.75,7.0,24.45,9.0,AS
Panda Loach,/species-spotlight/panda-loach/,Yaoshaniapachychilus,Actinopterygii,Cypriniformes,Gastromyzontidae,Peaceful,Bottom - Middle,Omnivore,7.0,15.0,21.95,6.0,AS
Pantanalensis Corydoras,/species-spotlight/pantanalensis-corydoras/,Corydoraspantanalensis,Actinopterygii,Siluriformes,Callichthyidae,Peaceful,Bottom - Middle,Omnivore,6.75,6.0,26.5,8.0,SA
Panther Danio,/species-spotlight/panther-danio/,Brachydanioaesculapii,Actinopterygii,Cypriniformes,Cyprinidae,Peaceful,Top,Omnivore,7.5,6.5,24.15,4.5,AS
Paradise Fish,/species-spotlight/paradise-fish/,MacropodusOpercularis,Actinopterygii,Anabantiformes,Osphronemidae,Semi-Aggressive,Middle - Top,Omnivore,7.0,15.5,23.9,7.0,AS
Parkinsons Rainbowfish,/species-spotlight/parkinsons-rainbowfish/,Melanotaeniaparkinsoni,Actinopterygii,Atheriniformes,Melanotaeniidae,Peaceful,Middle,Omnivore,7.5,16.5,23.6,15.0,OC
Peacock Gudgeon,/species-spotlight/peacock-gudgeon/,TateurndinaOcellicauda,Actinopterygii,Gobiiformes,Eleotridae,Peaceful,Bottom - Middle,Omnivore,6.9,8.5,24.15,7.5,OC
Pearl Danio,/species-spotlight/pearl-danio/,Danioalbolineatus,Actinopterygii,Cypriniformes,Cyprinidae,Peaceful,Middle - Top,Omnivore,7.0,12.0,20.0,6.5,AS
Pearl Gourami,/species-spotlight/pearl-gourami/,TrichopodusLeerii,Actinopterygii,Anabantiformes,Osphronemidae,Peaceful,Middle - Top,Omnivore,6.75,15.0,25.0,12.0,AS
Penguin Tetra,/species-spotlight/penguin-tetra/,Thayeriaboehlkei,Actinopterygii,Characiformes,Characidae,Peaceful,Middle - Top,Omnivore,7.0,11.0,25.0,6.0,SA
Pentazona Barb,/species-spotlight/pentazona-barb/,DesmopuntiusPentazona,Actinopterygii,Cypriniformes,Cyprinidae,Peaceful,Middle - Top,Omnivore,5.5,8.5,26.1,8.5,AS
Peppered Corydoras,/species-spotlight/peppered-corydoras/,CorydorasPaleatus,Actinopterygii,Siluriformes,Callichthyidae,Peaceful,Bottom - Middle,Omnivore,6.75,10.0,21.95,6.0,SA
Phoenix Rasbora,/species-spotlight/phoenix-rasbora/,BorarasMerah,Actinopterygii,Cypriniformes,Cyprinidae,Peaceful,Middle - Top,Omnivore,5.5,7.5,23.5,2.0,AS
Phoenix Tetra,/species-spotlight/phoenix-tetra/,Hemigrammusfilamentosus,Actinopterygii,Characiformes,Characidae,Peaceful,Middle,Omnivore,7.0,8.5,24.75,4.0,SA
Picta Swamp Guppy,/species-spotlight/picta-swamp-guppy/,Micropoeciliapicta,Actinopterygii,Cyprinodontiformes,Poeciliidae,Peaceful,Middle - Top,Omnivore,8.0,15.0,26.95,3.0,SA
Pictus Catfish,/species-spotlight/pictus-catfish/,Pimeloduspictus,Actinopterygii,Siluriformes,Pimelodidae,Peaceful,Bottom,Omnivore,6.75,10.0,24.15,12.0,SA
Pink Kissing Gourami,/species-spotlight/pink-kissing-gourami/,Helostomatemmincki,Actinopterygii,Anabantiformes,Helostomatidae,Semi-Aggressive,Middle - Top,Omnivore,7.0,12.5,25.0,30.0,AS
Pink Lemon Tetra,/species-spotlight/pink-lemon-tetra/,Hyphessobryconitaparicensis,Actinopterygii,Characiformes,Characidae,Peaceful,Middle - Top,Omnivore,6.75,10.0,25.0,4.0,SA
Pink Tail Chalceus,/species-spotlight/pink-tail-chalceus/,Chalceusmacrolepidotus,Actinopterygii,Characiformes,Characidae,Semi-Aggressive,Middle - Top,Carnivore,6.75,12.5,25.3,30.0,SA
Platies,/species-spotlight/platies/,"Xiphophorusandersi,Xiphophoruscouchianus,Xiphophorusevelynae,Xiphophorusgordoni,Xiphophoruskosszanderi,Xiphophorusmaculatus,Xiphophorusmeyeri,Xiphophorusmilleri,Xiphophorusroseni,Xiphophorusvariatus,Xiphophorusnephridium",Actinopterygii,Cyprinodontiformes,Poeciliidae,Peaceful,Middle - Top,Omnivore,7.5,17.5,21.65,7.5,NAM
Platinum Alligator Gar,/species-spotlight/platinum-alligator-gar/,Atractosteusspatula,Actinopterygii,Lepisosteiformes,Lepisosteidae,Aggressive,Middle - Top,Carnivore,7.0,4.0,23.35,10.0,NAM
Platinum Medaka Ricefish,/species-spotlight/platinum-medaka-ricefish/,OryziaslatipesvarPlatinum,Actinopterygii,Beloniformes,Adrianichthyidae,Peaceful,Middle - Top,Omnivore,7.5,12.0,22.5,4.0,AS
Polka Dot Loach,/species-spotlight/polka-dot-loach/,BotiaKubotai,Actinopterygii,Cypriniformes,Botiidae,Semi-Aggressive,Bottom - Middle,Omnivore,6.7,5.5,25.85,12.0,AS
Polystictus Corydoras,/species-spotlight/polystictus-corydoras/,Corydoraspolystictus,Actinopterygii,Siluriformes,Callichthyidae,Peaceful,Bottom,Omnivore,7.0,15.0,25.0,3.0,SA
Pond Snail,/species-spotlight/pond-snail/,Lymnaeastagnalis,Gastropoda,Hygrophila,Lymnaeidae,Peaceful,All Levels,Omnivore,7.5,6.0,16.1,7.0,EU
Popondetta Blue Eye Rainbowfish,/species-spotlight/popondetta-blue-eye-rainbowfish/,Pseudomugilconnieae,Actinopterygii,Atheriniformes,Melanotaeniidae,Peaceful,Middle,Omnivore,7.0,10.0,25.85,5.0,OC
Porthole Rasbora,/species-spotlight/porthole-rasbora/,Rasboracephalotaenia,Actinopterygii,Cypriniformes,Cyprinidae,Peaceful,Middle - Top,Omnivore,6.25,6.5,23.5,13.0,AS
Pretty Tetra,/species-spotlight/pretty-tetra/,Hemigrammuspulcher,Actinopterygii,Characiformes,Characidae,Peaceful,Middle - Top,Omnivore,6.25,6.5,24.5,4.5,SA
Pulcher Corydoras,/species-spotlight/pulcher-corydoras/,Corydoraspulcher,Actinopterygii,Siluriformes,Callichthyidae,Peaceful,Bottom,Omnivore,6.75,13.5,24.4,7.0,SA
Purple Pencilfish,/species-spotlight/purple-pencilfish/,Nannostomusrubrocaudatus,Actinopterygii,Characiformes,Lebiasinidae,Peaceful,Middle - Top,Omnivore,5.5,7.0,25.85,4.0,SA
Pygmy Corydoras,/species-spotlight/pygmy-corydoras/,CorydorasPygmaeus,Actinopterygii,Siluriformes,Callichthyidae,Peaceful,Bottom,Omnivore,7.0,13.5,24.15,3.0,SA
Queen Arabesque Plecostomus L260,/species-spotlight/queen-arabesque-plecostomus-l260/,Hypancistrussp,Actinopterygii,Siluriformes,Loricariidae,Peaceful,Bottom,Omnivore,6.5,8.5,26.95,9.0,SA
Raccoon Tetra,/species-spotlight/raccoon-tetra/,Hyphessobryconprocyon,Actinopterygii,Characiformes,Characidae,Peaceful,Middle - Top,Omnivore,6.25,10.0,25.85,5.0,SA
Rainbow Cichlid,/species-spotlight/rainbow-cichlid/,Herotilapiamultispinosa,Actinopterygii,Cichliformes,Cichlidae,Semi-Aggressive,All Levels,Omnivore,7.5,12.5,25.0,17.0,NAM
Rainbow Copella Tetra,/species-spotlight/rainbow-copella-tetra/,Copellavilmae,Actinopterygii,Characiformes,Lebiasinidae,Peaceful,Middle - Top,Omnivore,6.0,7.5,23.9,4.5,SA
Rainbow Shark,/species-spotlight/rainbow-shark/,EpalzeorhynchosFrenatum,Actinopterygii,Cypriniformes,Cyprinidae,Semi-Aggressive,Bottom - Middle,Omnivore,7.0,13.0,24.45,15.0,AS
Rainbow Shiner,/species-spotlight/rainbow-shiner/,Notropischrosomus,Actinopterygii,Cypriniformes,Leuciscidae,Peaceful,Middle - Top,Omnivore,7.25,17.5,16.95,8.0,NAM
Rainbow Tetra,/species-spotlight/rainbow-tetra/,Nematobryconlacortei,Actinopterygii,Characiformes,Characidae,Peaceful,Middle,Omnivore,6.0,6.5,24.45,4.0,SA
Ramshorn Snail,/species-spotlight/ramshorn-snail/,Planorbelladuryi,Gastropoda,Hygrophila,Planorbidae,Peaceful,All Levels,Herbivore,7.5,11.0,23.35,2.5,NAM
Red Banded Leporinus,/species-spotlight/red-banded-leporinus/,Synaptolaemuslatofasciatus,Actinopterygii,Characiformes,Anostomidae,Peaceful,Bottom - Middle,Omnivore,6.5,8.5,26.1,12.0,SA
Red Base Tetra,/species-spotlight/red-base-tetra/,Hemigrammusstictus,Actinopterygii,Characiformes,Characidae,Peaceful,Top,Omnivore,6.7,10.0,24.45,4.5,SA
Red Belted Goby,/species-spotlight/red-belted-goby/,Sicyopuszosterophorus,Actinopterygii,Gobiiformes,Oxudercidae,Peaceful,Bottom - Middle,Carnivore,6.75,7.5,23.9,5.0,AS
Red Chinned Panchax,/species-spotlight/red-chinned-panchax/,Epiplatysdageti,Actinopterygii,Cyprinodontiformes,Nothobranchiidae,Peaceful,Middle - Top,Omnivore,6.5,8.5,23.6,5.0,AF
Red Devil Tetra,/species-spotlight/red-devil-tetra/,Hyphessobryconpiranga,Actinopterygii,Characiformes,Characidae,Peaceful,Middle - Top,Omnivore,6.5,10.0,25.0,3.5,SA
Red Eye Tetra,/species-spotlight/red-eye-tetra/,Moenkhausiasanctaefilomenae,Actinopterygii,Characiformes,Characidae,Peaceful,Middle - Top,Omnivore,7.0,12.5,26.65,7.0,SA
Red Garra,/species-spotlight/red-garra/,GarraRufa,Actinopterygii,Cypriniformes,Cyprinidae,Peaceful,Bottom,Omnivore,7.0,10.0,19.75,14.0,AS
Red Laser Tetra,/species-spotlight/red-laser-tetra/,Hemigrammuscoeruleus,Actinopterygii,Characiformes,Characidae,Peaceful,Middle - Top,Omnivore,6.5,8.5,25.0,6.0,SA
Red Line Lizard Tetra,/species-spotlight/red-line-lizard-tetra/,Iguanodectesgeisleri,Actinopterygii,Characiformes,Characidae,Peaceful,Middle - Top,Omnivore,6.0,6.0,24.75,5.5,SA
Red Line Rasbora,/species-spotlight/red-line-rasbora/,Trigonopomapauciperforata,Actinopterygii,Cypriniformes,Cyprinidae,Peaceful,Middle - Top,Omnivore,6.25,8.5,23.0,6.0,AS
Red Line Tetra,/species-spotlight/red-line-tetra/,Hyphessobryconamapaensis,Actinopterygii,Characiformes,Characidae,Peaceful,Middle - Top,Omnivore,6.0,10.0,25.55,3.0,SA
Red Neon Blue Eye Rainbowfish,/species-spotlight/red-neon-blue-eye-rainbowfish/,Pseudomugilluminatus,Actinopterygii,Atheriniformes,Melanotaeniidae,Peaceful,Middle - Top,Omnivore,7.0,13.5,21.5,4.0,AS
Red Nose Shrimp,/species-spotlight/red-nose-shrimp/,Caridinagracilirostris,Malacostraca,Decapoda,Atyidae,Peaceful,All Levels,Omnivore,7.5,9.5,25.85,4.5,AS
Red Phantom Tetra,/species-spotlight/red-phantom-tetra/,Hyphessobryconsweglesi,Actinopterygii,Characiformes,Characidae,Peaceful,Middle - Top,Omnivore,6.0,11.5,21.0,4.0,SA
Red Rainbowfish,/species-spotlight/red-rainbowfish/,GlossolepisIncisus,Actinopterygii,Atheriniformes,Melanotaeniidae,Peaceful,Middle - Top,Omnivore,7.75,15.0,25.0,15.0,OC
Red Rili Shrimp,/species-spotlight/red-rili-shrimp/,Neocaridinadavidivar,Malacostraca,Decapoda,Atyidae,Peaceful,All Levels,Omnivore,7.0,6.0,23.85,4.0,AS
Red Shiner,/species-spotlight/red-shiner/,Cyprinellalutrensis,Actinopterygii,Cypriniformes,Leuciscidae,Peaceful,Middle - Top,Omnivore,7.25,10.0,16.1,9.0,NAM
Red Skirt Betta,/species-spotlight/red-skirt-betta/,BettaFalx,Actinopterygii,Anabantiformes,Osphronemidae,Peaceful,All Levels,Omnivore,5.75,6.0,24.45,4.0,AS
Red Tail Hemiodus Tetra,/species-spotlight/red-tail-hemiodus-tetra/,Hemiodusgracilis,Actinopterygii,Characiformes,Hemiodontidae,Peaceful,Middle - Top,Omnivore,6.5,9.5,24.45,15.0,SA
Red Tailed Black Shark,/species-spotlight/red-tailed-black-shark/,Epalzeorhynchosbicolor,Actinopterygii,Cypriniformes,Cyprinidae,Aggressive,Bottom - Middle,Omnivore,7.0,13.0,24.45,16.0,AS
Redbreasted Acara,/species-spotlight/redbreasted-acara/,Laetacaradorsigera,Actinopterygii,Cichliformes,Cichlidae,Peaceful,Bottom - Middle,Omnivore,6.25,10.5,23.9,6.0,SA
Redfin Congo Tetra,/species-spotlight/redfin-congo-tetra/,Micralestesoccidentalis,Actinopterygii,Characiformes,Alestidae,Peaceful,Middle - Top,Omnivore,6.5,10.0,23.9,8.0,AF
Redfin Dwarf Rainbowfish,/species-spotlight/redfin-dwarf-rainbowfish/,Melanotaeniamaccullochi,Actinopterygii,Atheriniformes,Melanotaeniidae,Peaceful,Middle,Omnivore,6.5,11.5,25.0,7.0,OC
Redfin Penguin Tetra,/species-spotlight/redfin-penguin-tetra/,Thayeriasp,Actinopterygii,Characiformes,Characidae,Peaceful,Middle - Top,Omnivore,6.75,12.5,25.3,6.0,SA
Redline Apistogramma,/species-spotlight/redline-apistogramma/,Apistogrammahongsloi,Actinopterygii,Cichliformes,Cichlidae,Peaceful,Bottom - Middle,Omnivore,6.25,3.5,25.85,7.5,SA
Reed Tetra,/species-spotlight/reed-tetra/,Hyphessobryconelachys,Actinopterygii,Characiformes,Characidae,Peaceful,Middle - Top,Omnivore,6.75,10.0,25.0,2.5,SA
Reticulated Corydoras,/species-spotlight/reticulated-corydoras/,Corydorasreticulatas,Actinopterygii,Siluriformes,Callichthyidae,Peaceful,Bottom,Omnivore,7.0,13.5,24.15,6.0,SA
Rohani Barb,/species-spotlight/rohani-barb/,DawkinsiaRohani,Actinopterygii,Cypriniformes,Cyprinidae,Peaceful,Bottom - Middle,Omnivore,6.75,6.0,21.95,12.0,AS
Rose Danio,/species-spotlight/rose-danio/,Danioroseus,Actinopterygii,Cypriniformes,Cyprinidae,Peaceful,Middle - Top,Omnivore,6.75,8.5,23.05,4.0,AS
Rosy Barb,/species-spotlight/rosy-barb/,Puntiusconchonius,Actinopterygii,Cypriniformes,Cyprinidae,Peaceful,Middle,Omnivore,6.5,12.0,20.0,14.0,AS
Rosy Tetra,/species-spotlight/rosy-tetra/,Hyphessobryconrosaceus,Actinopterygii,Characiformes,Characidae,Peaceful,Middle - Top,Omnivore,6.5,6.5,25.85,4.0,SA
Royal Plecostomus,/species-spotlight/royal-plecostomus/,Panaquenigrolineatus,Actinopterygii,Siluriformes,Loricariidae,Peaceful,Bottom,Omnivore,7.0,15.0,26.1,43.0,SA
Royal Whiptail Catfish,/species-spotlight/royal-whiptail-catfish/,Sturisomapanamense,Actinopterygii,Siluriformes,Loricariidae,Peaceful,Bottom,Omnivore,7.0,10.0,23.05,20.0,SA
Ruby Rasbora,/species-spotlight/ruby-rasbora/,Paedocyprisprogenetica,Actinopterygii,Cypriniformes,Cyprinidae,Peaceful,Middle,Omnivore,3.5,2.5,29.2,1.0,AS
Ruby Tetra,/species-spotlight/ruby-tetra/,Axelrodiariesei,Actinopterygii,Characiformes,Characidae,Peaceful,Middle - Top,Omnivore,5.5,7.5,23.9,2.5,SA
Rummy Nose Rasbora,/species-spotlight/rummy-nose-rasbora/,Sawbwaresplendens,Actinopterygii,Cypriniformes,Cyprinidae,Peaceful,All Levels,Omnivore,7.0,9.0,22.8,3.5,AS
Rummy Nose Tetra,/species-spotlight/rummy-nose-tetra/,Hemigrammusrhodostomus,Actinopterygii,Characiformes,Characidae,Peaceful,Middle,Omnivore,7.0,8.5,25.55,3.0,SA
Rusty Corydoras,/species-spotlight/rusty-corydoras/,Corydorasrabauti,Actinopterygii,Siluriformes,Callichthyidae,Peaceful,Bottom,Omnivore,7.0,8.5,24.45,6.5,SA
Saddleback Loach,/species-spotlight/saddleback-loach/,HomalopteraOrthogoniata,Actinopterygii,Cypriniformes,Balitoridae,Peaceful,Bottom,Omnivore,6.75,7.5,22.8,12.5,AS
Sahul Rainbowfish,/species-spotlight/sahul-rainbowfish/,Melanotaeniasahulensis,Actinopterygii,Atheriniformes,Melanotaeniidae,Peaceful,Middle,Omnivore,6.75,12.5,25.0,5.5,OC
Sailfin Tetra,/species-spotlight/sailfin-tetra/,Crenuchusspilurus,Actinopterygii,Characiformes,Crenuchidae,Peaceful,Bottom - Middle,Omnivore,5.5,3.0,23.9,5.5,SA
Salt and Pepper Corydoras,/species-spotlight/salt-and-pepper-corydoras/,Corydorashabrosus,Actinopterygii,Siluriformes,Callichthyidae,Peaceful,Bottom,Omnivore,7.0,12.5,23.9,3.5,SA
Samurai Gourami,/species-spotlight/samurai-gourami/,Sphaerichthysvaillanti,Actinopterygii,Anabantiformes,Osphronemidae,Peaceful,All Levels,Omnivore,5.0,27.5,27.5,8.0,AS
Sands Corydoras,/species-spotlight/sands-corydoras/,Corydorasdavidsandsi,Actinopterygii,Siluriformes,Callichthyidae,Peaceful,Bottom,Omnivore,6.0,7.0,23.05,6.0,SA
Scarlet Badis,/species-spotlight/scarlet-badis/,DarioDario,Actinopterygii,Perciformes,Badidae,Semi-Aggressive,Bottom - Middle,Carnivore,7.5,15.0,22.1,2.0,AS
Schistura Spilota,/species-spotlight/schistura-spilota/,Schisturaspilota,Actinopterygii,Cypriniformes,Nemacheilidae,Semi-Aggressive,Bottom,Omnivore,6.75,8.5,23.05,10.0,AS
Schwartzs Corydoras,/species-spotlight/schwartzs-corydoras/,Corydorasschwartzi,Actinopterygii,Siluriformes,Callichthyidae,Peaceful,Bottom,Omnivore,7.0,13.5,24.15,7.0,SA
Scissortail Rasbora,/species-spotlight/scissortail-rasbora/,Rasboratrilineata,Actinopterygii,Cypriniformes,Cyprinidae,Peaceful,Middle - Top,Omnivore,6.5,7.0,23.5,15.0,AS
Serpae Tetra,/species-spotlight/serpae-tetra/,Hyphessobryconeques,Actinopterygii,Characiformes,Characidae,Peaceful,Middle,Omnivore,6.4,15.0,24.15,4.5,SA
Shadow Panda Shrimp,/species-spotlight/shadow-panda-shrimp/,"Caridinacantonensisvar""Panda""",Malacostraca,Decapoda,Atyidae,Peaceful,All Levels,Omnivore,6.25,4.5,21.1,3.0,AS
Siamese Algae Eater,/species-spotlight/siamese-algae-eater/,Crossocheilusoblongus,Actinopterygii,Cypriniformes,Cyprinidae,Peaceful,Bottom,Omnivore,7.25,12.5,25.0,16.0,AS
Siamese Dwarf Rasbora,/species-spotlight/siamese-dwarf-rasbora/,Trigonostigmasomphongsi,Actinopterygii,Cypriniformes,Cyprinidae,Peaceful,Middle - Top,Omnivore,6.0,6.0,23.5,2.5,AS
Siamese Fighting Fish,/species-spotlight/siamese-fighting-fish/,BettaSplendens,Actinopterygii,Anabantiformes,Osphronemidae,Semi-Aggressive,Top,Omnivore,7.0,12.5,25.85,7.0,AS
Siamese Tigerfish,/species-spotlight/siamese-tigerfish/,Datnioidesmicrolepis,Actinopterygii,Perciformes,Datnioididae,Semi-Aggressive,All Levels,Carnivore,7.0,12.5,24.15,45.0,AS
Sidestripe Rasbora,/species-spotlight/sidestripe-rasbora/,Rasborapaviana,Actinopterygii,Cypriniformes,Cyprinidae,Peaceful,Middle - Top,Omnivore,6.75,7.0,24.45,10.0,AS
Silver Flying Fox,/species-spotlight/silver-flying-fox/,Crossocheilusreticulatus,Actinopterygii,Cypriniformes,Cyprinidae,Peaceful,Bottom - Middle,Herbivore,6.75,6.5,20.0,17.0,AS
Silvertip Tetra,/species-spotlight/silvertip-tetra/,Hasemanianana,Actinopterygii,Characiformes,Characidae,Peaceful,Middle - Top,Omnivore,7.0,12.5,24.75,5.0,SA
Simons Rasbora,/species-spotlight/simons-rasbora/,Rasborasimonbirchi,Actinopterygii,Cypriniformes,Danionidae,Peaceful,Middle - Top,Omnivore,6.75,7.0,24.45,10.0,AS
Six Banded Distichodus,/species-spotlight/six-banded-distichodus/,Distichodussexfasciatus,Actinopterygii,Characiformes,Distichodontidae,Aggressive,Middle,Omnivore,6.75,15.0,24.15,75.0,AF
Six Stripes Tetra,/species-spotlight/six-stripes-tetra/,HyphessbryconHexastichos,Actinopterygii,Characiformes,Characidae,Peaceful,Middle - Top,Omnivore,6.5,6.5,25.85,6.0,SA
Skunk Corydoras,/species-spotlight/skunk-corydoras/,Corydorasgranti,Actinopterygii,Siluriformes,Callichthyidae,Peaceful,Bottom,Omnivore,6.25,7.0,23.9,5.5,SA
Skunk Loach,/species-spotlight/skunk-loach/,Yasuhikotakiamorleti,Actinopterygii,Cypriniformes,Botiidae,Semi-Aggressive,Bottom,Omnivore,7.0,8.5,28.05,10.0,AS
Slant Bar Corydoras,/species-spotlight/slant-bar-corydoras/,Corydorasloxozonus,Actinopterygii,Siluriformes,Callichthyidae,Peaceful,Bottom,Omnivore,7.0,13.5,22.5,5.0,SA
Smudge Spot Corydoras,/species-spotlight/smudge-spot-corydoras/,Corydorassimilis,Actinopterygii,Siluriformes,Callichthyidae,Peaceful,Bottom,Omnivore,6.5,12.5,24.15,4.0,SA
Snakehead Betta,/species-spotlight/snakehead-betta/,Bettachannoides,Actinopterygii,Anabantiformes,Osphronemidae,Peaceful,Middle - Top,Omnivore,5.25,12.5,26.4,5.0,AS
Snakeskin Barb,/species-spotlight/snakeskin-barb/,DesmopuntiusRhomboocellatus,Actinopterygii,Cypriniformes,Cyprinidae,Peaceful,Middle - Top,Omnivore,5.5,7.5,23.9,5.5,AS
Snakeskin Gourami,/species-spotlight/snakeskin-gourami/,Trichopoduspectoralis,Actinopterygii,Anabantiformes,Osphronemidae,Peaceful,Bottom - Middle,Herbivore,7.0,16.0,26.1,20.0,AS
Snowball Plecostomus L102,/species-spotlight/snowball-plecostomus-l102/,HypancistrusInspector,Actinopterygii,Siluriformes,Loricariidae,Peaceful,Bottom,Omnivore,6.75,8.0,26.1,16.0,SA
Snyders Barb,/species-spotlight/snyders-barb/,Puntiussnyderi,Actinopterygii,Cypriniformes,Cyprinidae,Peaceful,Middle - Top,Omnivore,7.0,11.0,20.0,7.5,AS
Spanner Barb,/species-spotlight/spanner-barb/,BarbodesLateristriga,Actinopterygii,Cypriniformes,Cyprinidae,Peaceful,Middle - Top,Omnivore,6.25,8.0,25.85,18.0,AS
Sparkling Gourami,/species-spotlight/sparkling-gourami/,Trichopsisvittata,Actinopterygii,Anabantiformes,Osphronemidae,Peaceful,Bottom - Middle,Omnivore,6.75,12.0,26.65,4.0,AS
Spike Tailed Paradise Fish,/species-spotlight/spike-tailed-paradise-fish/,Pseudosphromenusdayi,Actinopterygii,Anabantiformes,Osphronemidae,Peaceful,Middle - Top,Omnivore,6.75,10.0,25.85,7.5,AS
Spined Loach,/species-spotlight/spined-loach/,Cobitistaenia,Actinopterygii,Cypriniformes,Cobitidae,Peaceful,Bottom,Omnivore,7.5,12.5,15.85,13.5,EU
Splash Tetra,/species-spotlight/splash-tetra/,Copellaarnoldi,Actinopterygii,Characiformes,Lebiasinidae,Peaceful,Middle - Top,Omnivore,5.75,7.5,23.9,7.0,SA
Splendid Killifish,/species-spotlight/splendid-killifish/,Aphyosemionsplendopleure,Actinopterygii,Cyprinodontiformes,Nothobranchiidae,Peaceful,Middle,Omnivore,6.75,10.0,23.9,6.0,AF
Splendid Loach,/species-spotlight/splendid-loach/,Yasuhikotakiasplendida,Actinopterygii,Cypriniformes,Cobitidae,Peaceful,Bottom,Omnivore,7.25,13.0,27.5,10.0,AS
Spotfin Betta,/species-spotlight/spotfin-betta/,Bettamacrostoma,Actinopterygii,Anabantiformes,Osphronemidae,Peaceful,Middle - Top,Omnivore,5.5,6.0,23.05,10.0,AS
Spotfin Hatchetfish,/species-spotlight/spotfin-hatchetfish/,Thoracocharaxstellatus,Actinopterygii,Characiformes,Gasteropelecidae,Peaceful,Top,Omnivore,6.25,9.0,23.9,7.0,SA
Spotted Blue Eye Rainbowfish,/species-spotlight/spotted-blue-eye-rainbowfish/,Pseudomugilgertrudae,Actinopterygii,Atheriniformes,Melanotaeniidae,Peaceful,Middle,Omnivore,6.0,8.5,26.0,2.5,OC
Spotted Corydoras CW27,/species-spotlight/spotted-corydoras-cw27/,CW027,Actinopterygii,Siluriformes,Callichthyidae,Peaceful,Bottom,Omnivore,7.0,12.5,23.05,6.0,SA
Spotted Hoplo Catfish,/species-spotlight/spotted-hoplo-catfish/,Megalechisthoracata,Actinopterygii,Siluriformes,Callichthyidae,Peaceful,Bottom,Omnivore,7.0,10.5,22.5,15.0,SA
Spotted Leporinus,/species-spotlight/spotted-leporinus/,Leporinusnijsseni,Actinopterygii,Characiformes,Anostomidae,Peaceful,Middle - Top,Omnivore,6.25,8.0,23.9,18.0,SA
Staeck Endler,/species-spotlight/staeck-endler/,Poeciliawingei,Actinopterygii,Cyprinodontiformes,Poeciliidae,Peaceful,Middle - Top,Omnivore,6.75,10.0,26.65,4.0,SA
Steel Blue Lyretail Killifish,/species-spotlight/steel-blue-lyretail-killifish/,Fundulopanchaxgardneri,Actinopterygii,Cyprinodontiformes,Nothobranchiidae,Semi-Aggressive,Bottom - Middle,Omnivore,6.75,8.5,23.6,6.0,AF
Steel Blue Tetra,/species-spotlight/steel-blue-tetra/,Hyphessobryconweitzmanorum,Actinopterygii,Characiformes,Characidae,Peaceful,Middle - Top,Omnivore,6.5,6.5,25.85,3.0,SA
Sterbas Corydoras,/species-spotlight/sterbas-corydoras/,Corydorassterbai,Actinopterygii,Siluriformes,Callichthyidae,Peaceful,Bottom,Omnivore,7.0,8.0,23.05,6.5,SA
Strawberry Leporinus,/species-spotlight/strawberry-leporinus/,Leporinusgranti,Actinopterygii,Characiformes,Anostomidae,Peaceful,Bottom - Middle,Omnivore,6.25,8.0,23.9,20.0,SA
Strawberry Rasbora,/species-spotlight/strawberry-rasbora/,Borarasnaevus,Actinopterygii,Cypriniformes,Cyprinidae,Peaceful,Middle - Top,Omnivore,5.5,7.5,23.9,2.0,AS
Striped Barb,/species-spotlight/striped-barb/,Desmopuntiusjohorensis,Actinopterygii,Cypriniformes,Cyprinidae,Peaceful,Middle - Top,Omnivore,6.0,7.0,23.9,12.0,AS
Striped Leporinus,/species-spotlight/striped-leporinus/,Leporinusstriatus,Actinopterygii,Characiformes,Anostomidae,Peaceful,Bottom - Middle,Omnivore,7.0,8.0,24.75,10.0,SA
Striped Raphael Catfish,/species-spotlight/striped-raphael-catfish/,Platydorasarmatulus,Actinopterygii,Siluriformes,Doradidae,Peaceful,Bottom,Omnivore,6.75,11.0,26.4,25.0,SA
Striped Red Eye Pufferfish,/species-spotlight/striped-red-eye-pufferfish/,Carinotetraodonsalivator,Actinopterygii,Tetraodontiformes,Tetraodontidae,Semi-Aggressive,All Levels,Carnivore,6.5,8.5,25.85,5.0,AS
Sucking Loach,/species-spotlight/sucking-loach/,Gyrinocheilusaymonieri,Actinopterygii,Cypriniformes,Gyrinocheilidae,Aggressive,Bottom,Omnivore,7.25,14.5,26.5,28.0,AS
Sulawesi Fan Shrimp,/species-spotlight/sulawesi-fan-shrimp/,Caridinalongidigita,Malacostraca,Decapoda,Atyidae,Peaceful,All Levels,Omnivore,7.75,6.0,26.5,2.5,AS
Sulawesi Harlequin Shrimp,/species-spotlight/sulawesi-harlequin-shrimp/,Caridinaspongicola,Malacostraca,Decapoda,Atyidae,Peaceful,All Levels,Omnivore,7.75,6.0,27.5,2.0,AS
Sulawesi Red Line Shrimp,/species-spotlight/sulawesi-red-line-shrimp/,Caridinastriata,Malacostraca,Decapoda,Atyidae,Peaceful,All Levels,Omnivore,7.75,6.0,28.0,2.5,AS
Sulawesi White Orchid Shrimp,/species-spotlight/sulawesi-white-orchid-shrimp/,CaridinaposoKlotz,Malacostraca,Decapoda,Atyidae,Peaceful,All Levels,Omnivore,8.0,8.5,28.9,2.0,AS
Sumo Loach,/species-spotlight/sumo-loach/,Schisturabalteata,Actinopterygii,Cypriniformes,Nemacheilidae,Semi-Aggressive,Bottom,Omnivore,6.75,8.0,24.15,8.0,AS
Super Crystal Red Shrimp,/species-spotlight/super-crystal-red-shrimp/,CaridinaCantonensis,Malacostraca,Decapoda,Atyidae,Peaceful,All Levels,Omnivore,6.75,5.0,20.55,3.0,AS
Super Parallelus Corydoras,/species-spotlight/super-parallelus-corydoras/,CorydorasSp(SuperParallelus),Actinopterygii,Siluriformes,Callichthyidae,Peaceful,Bottom,Omnivore,6.75,10.0,23.35,7.5,SA
Swamp Barb,/species-spotlight/swamp-barb/,PuntiusChola,Actinopterygii,Cypriniformes,Cyprinidae,Peaceful,Middle,Omnivore,6.25,11.5,22.5,15.0,AS
Swamp Blue Eye Rainbowfish,/species-spotlight/swamp-blue-eye-rainbowfish/,Pseudomugilpaludicola,Actinopterygii,Atheriniformes,Melanotaeniidae,Peaceful,Middle - Top,Omnivore,7.0,12.5,28.05,3.5,OC
Swordtail,/species-spotlight/swordtail/,Xiphophorushelleri,Actinopterygii,Cyprinodontiformes,Poeciliidae,Peaceful,Middle - Top,Omnivore,7.75,21.0,23.05,10.0,NAM
Tail Spot Pygmy Corydoras,/species-spotlight/tail-spot-pygmy-corydoras/,Corydorashastatus,Actinopterygii,Siluriformes,Callichthyidae,Peaceful,Middle,Omnivore,7.0,12.5,23.9,3.5,SA
Tailspot Ctenopoma,/species-spotlight/tailspot-ctenopoma/,Ctenopomakingsleyae,Actinopterygii,Anabantiformes,Anabantidae,Semi-Aggressive,Middle,Carnivore,7.0,10.0,23.35,20.0,AF
Tangerine Tiger Shrimp,/species-spotlight/tangerine-tiger-shrimp/,CaridinaSerrata,Malacostraca,Decapoda,Atyidae,Peaceful,Bottom - Middle,Omnivore,6.75,4.5,21.65,3.0,AS
Thick Lipped Gourami,/species-spotlight/thick-lipped-gourami/,Trichogasterlabiosa,Actinopterygii,Anabantiformes,Osphronemidae,Peaceful,All Levels,Omnivore,6.75,9.5,25.0,10.0,AS
Threadfin Rainbowfish,/species-spotlight/threadfin-rainbowfish/,Iriatherinawerneri,Actinopterygii,Atheriniformes,Melanotaeniidae,Peaceful,Top,Omnivore,6.5,6.5,25.85,3.0,OC
Three Lined Pencilfish,/species-spotlight/three-lined-pencilfish/,Nannostomustrifasciatus,Actinopterygii,Characiformes,Lebiasinidae,Peaceful,Middle - Top,Omnivore,6.25,5.0,25.85,4.0,SA
Three Spot Gourami,/species-spotlight/three-spot-gourami/,Trichopodustrichopterus,Actinopterygii,Anabantiformes,Osphronemidae,Peaceful,Middle - Top,Omnivore,7.0,19.0,26.95,15.0,AS
Tiger Barb,/species-spotlight/tiger-barb/,Puntigrustetrazona,Actinopterygii,Cypriniformes,Cyprinidae,Semi-Aggressive,Middle,Omnivore,7.0,6.5,23.05,7.5,AS
Tiger Otocinclus,/species-spotlight/tiger-otocinclus/,Otocincluscocama,Actinopterygii,Siluriformes,Loricariidae,Peaceful,Bottom,Herbivore,7.0,7.0,23.6,5.0,SA
Tiger Shovelnose Catfish,/species-spotlight/tiger-shovelnose-catfish/,Pseudoplatystomafasciatum,Actinopterygii,Siluriformes,Pimelodidae,Semi-Aggressive,Bottom,Omnivore,7.0,12.5,25.0,90.0,SA
Tigris Sulawesi Shrimp,/species-spotlight/tigris-sulawesi-shrimp/,Caridinatigri,Malacostraca,Decapoda,Atyidae,Peaceful,All Levels,Omnivore,8.0,7.0,27.5,2.5,AS
Tinfoil Barb,/species-spotlight/tinfoil-barb/,BarbonymusSchwanenfeldii,Actinopterygii,Cypriniformes,Cyprinidae,Peaceful,Middle - Top,Omnivore,6.75,10.0,25.3,35.0,AS
Titanic Plecostomus,/species-spotlight/titanic-plecostomus/,Pseudacanthicussp,Actinopterygii,Siluriformes,Loricariidae,Semi-Aggressive,Bottom,Omnivore,6.75,8.0,25.5,30.0,SA
Toba Betta,/species-spotlight/toba-betta/,BettaRubra,Actinopterygii,Anabantiformes,Osphronemidae,Semi-Aggressive,Middle - Top,Omnivore,5.5,3.5,23.65,4.0,AS
Toucan Tetra,/species-spotlight/toucan-tetra/,Tucanoichthystucano,Actinopterygii,Characiformes,Characidae,Peaceful,Middle - Top,Omnivore,5.5,12.0,21.65,2.0,SA
Transparent Blue Eye Rainbowfish,/species-spotlight/transparent-blue-eye-rainbowfish/,pseudomugilpellucidus,Actinopterygii,Atheriniformes,Melanotaeniidae,Peaceful,Middle - Top,Omnivore,7.25,10.0,25.85,3.5,AS
Transvestite Dwarf Cichlid,/species-spotlight/transvestite-dwarf-cichlid/,Nanochromistransvestitus,Actinopterygii,Cichliformes,Cichlidae,Peaceful,Middle,Omnivore,5.5,11.5,25.3,7.0,AF
True Flying Fox,/species-spotlight/true-flying-fox/,Epalzeorhynchoskalopterus,Actinopterygii,Cypriniformes,Cyprinidae,Peaceful,Bottom,Omnivore,6.75,8.0,23.05,15.0,AS
Twosaddle Corydoras,/species-spotlight/twosaddle-corydoras/,CorydorasWeitzmani,Actinopterygii,Siluriformes,Callichthyidae,Peaceful,Bottom,Omnivore,7.0,6.0,23.65,5.5,SA
Twostripe Corydoras,/species-spotlight/twostripe-corydoras/,Corydorasbifasciatus,Actinopterygii,Siluriformes,Callichthyidae,Peaceful,Bottom,Omnivore,7.0,13.5,24.15,6.0,SA
Upside Down Catfish,/species-spotlight/upside-down-catfish/,Synodontisnigriventris,Actinopterygii,Siluriformes,Mochokidae,Peaceful,Bottom,Omnivore,6.75,12.5,25.85,10.0,AF
Venezuelan Orange Corydoras,/species-spotlight/venezuelan-orange-corydoras/,Corydorasvenezuelanus,Actinopterygii,Siluriformes,Callichthyidae,Peaceful,Bottom,Omnivore,7.25,10.0,22.5,5.5,SA
Vietnamese Cardinal Minnow,/species-spotlight/vietnamese-cardinal-minnow/,Tanichthysmicagemmae,Actinopterygii,Cypriniformes,Cyprinidae,Peaceful,Middle - Top,Omnivore,7.0,11.5,21.1,3.0,AS
Vogelkop Blue Eye Rainbowfish,/species-spotlight/vogelkop-blue-eye-rainbowfish/,Pseudomugilreticulatus,Actinopterygii,Atheriniformes,Melanotaeniidae,Peaceful,Middle,Omnivore,6.0,8.5,25.0,3.5,AS
Volcano Rasbora,/species-spotlight/volcano-rasbora/,Rasboravulcanus,Actinopterygii,Cypriniformes,Cyprinidae,Peaceful,Bottom - Middle,Omnivore,7.0,8.5,24.45,4.0,AS
Vulcan Corydoras,/species-spotlight/vulcan-corydoras/,Corydorassp,Actinopterygii,Siluriformes,Callichthyidae,Peaceful,Bottom,Omnivore,7.0,13.5,24.2,5.0,SA
Weather Loach,/species-spotlight/weather-loach/,Misgurnusanguillicaudatus,Actinopterygii,Cypriniformes,Cobitidae,Peaceful,Bottom,Omnivore,7.0,6.5,17.5,30.0,AS
White Cloud Mountain Minnow,/species-spotlight/white-cloud-mountain-minnow/,TanichthysAlbonubes,Actinopterygii,Cypriniformes,Cyprinidae,Peaceful,Middle - Top,Omnivore,7.0,12.0,18.9,4.0,AS
Wild Type Tiger Shrimp,/species-spotlight/wild-type-tiger-shrimp/,Caridinamariae,Malacostraca,Decapoda,Atyidae,Peaceful,Bottom - Middle,Omnivore,6.75,7.0,21.1,4.0,AS
X Ray Tetra,/species-spotlight/x-ray-tetra/,Pristellamaxillaris,Actinopterygii,Characiformes,Characidae,Peaceful,Middle - Top,Omnivore,7.0,11.0,25.85,5.0,SA
Xingu Black Neon Tetra,/species-spotlight/xingu-black-neon-tetra/,Moenkhausiaheikoi,Actinopterygii,Characiformes,Characidae,Peaceful,Middle - Top,Omnivore,6.5,11.5,25.0,6.0,SA
Xingu Corydoras,/species-spotlight/xingu-corydoras/,Corydorasxinguensis,Actinopterygii,Siluriformes,Callichthyidae,Peaceful,Bottom,Omnivore,7.0,8.5,24.5,5.0,SA
Yellow Nose Sulawesi Shrimp,/species-spotlight/yellow-nose-sulawesi-shrimp/,CaridinaSpinata,Malacostraca,Decapoda,Atyidae,Peaceful,All Levels,Omnivore,8.0,7.0,28.35,3.0,AS
Yellow Tailed Congo Tetra,/species-spotlight/yellow-tailed-congo-tetra/,Alestopetersiuscaudalis,Actinopterygii,Characiformes,Alestidae,Peaceful,Bottom - Middle,Omnivore,7.25,15.0,24.15,6.0,AF
Yellowtail Rasbora,/species-spotlight/yellowtail-rasbora/,Rasboratornieri,Actinopterygii,Cypriniformes,Cyprinidae,Peaceful,Middle - Top,Omnivore,6.75,12.5,24.5,15.0,AS
Yoma Danio,/species-spotlight/yoma-danio/,Daniofeegradei,Actinopterygii,Cypriniformes,Cyprinidae,Peaceful,Bottom - Middle,Omnivore,7.0,9.5,21.4,8.0,AS
Yoyo Loach,/species-spotlight/yoyo-loach/,BotiaAlmorhae,Actinopterygii,Cypriniformes,Botiidae,Peaceful,Bottom,Omnivore,6.8,7.5,25.3,15.0,AS
Zebra Danio,/species-spotlight/zebra-danio/,Brachydaniorerio,Actinopterygii,Cypriniformes,Cyprinidae,Peaceful,Middle - Top,Omnivore,6.75,8.5,20.55,6.0,AS
Zebra Loach,/species-spotlight/zebra-loach/,Botiastriata,Actinopterygii,Cypriniformes,Botiidae,Peaceful,Bottom,Omnivore,6.75,8.5,23.6,10.0,AS
Zebra Nerite Snail,/species-spotlight/zebra-nerite-snail/,Neritinanatalensis,Gastropoda,Cycloneritida,Neritidae,Peaceful,Bottom,Herbivore,7.5,15.0,23.5,2.5,AF
Zebra Pleco,/species-spotlight/zebra-pleco/,Hypancistruszebra,Actinopterygii,Siluriformes,Loricariidae,Peaceful,Bottom,Omnivore,7.0,9.0,27.8,10.0,SA
