Common Name,Link,Scientific Name,Classification,Order,Family,Temperament,Level,Diet,PH,GH,Temp,Size,Continent,X,Y,Z
Adolfos Catfish,/species-spotlight/adolfos-catfish/,Corydorasadolfoi,Actinopterygii,Siluriformes,Callichthyidae,Peaceful,Bottom,Omnivore,6.0,11.0,22.5,6.0,SA,-12.859178,-0.15755418,-0.080757335
Adonis Tetra,/species-spotlight/adonis-tetra/,Lepidarchusadonis,Actinopterygii,Characiformes,Alestidae,Peaceful,Middle - Top,Omnivore,6.5,7.0,23.9,2.1,AF,-8.5243435,6.2852025,0.017962508
African Banded Barb,/species-spotlight/african-banded-barb/,Barbusfasciolatus,Actinopterygii,Cypriniformes,Cyprinidae,Peaceful,Middle - Top,Omnivore,6.5,8.5,23.9,6.0,AF,-6.698397,3.8221664,0.1417667
African Butterfly Cichlid,/species-spotlight/african-butterfly-cichlid/,Anomalochromisthomasi,Actinopterygii,Cichliformes,Cichlidae,Peaceful,Bottom - Middle,Omnivore,6.5,7.5,24.75,8.0,AF,-6.8605866,2.2311425,-1.6018476
African Glass Catfish,/species-spotlight/african-glass-catfish/,Pareutropiusdebauwi,Actinopterygii,Siluriformes,Schilbeidae,Peaceful,Bottom - Middle,Omnivore,7.0,10.0,25.3,10.0,AF,-6.5098,0.13995971,-0.14407109
African Moon Tetra,/species-spotlight/african-moon-tetra/,Bathyaethiopscaudomaculatus,Actinopterygii,Characiformes,Alestidae,Peaceful,Top,Omnivore,6.75,8.5,23.9,8.0,AF,-6.258484,2.168331,0.18036494
African Red Eyed Tetra,/species-spotlight/african-red-eyed-tetra/,Arnoldichthysspilopterus,Actinopterygii,Characiformes,Alestidae,Peaceful,Middle - Top,Omnivore,6.75,12.5,25.3,8.0,AF,-6.925815,1.0405169,1.672094
Agassizs Corydoras,/species-spotlight/agassizs-corydoras/,Corydorasagassizii,Actinopterygii,Siluriformes,Callichthyidae,Peaceful,Bottom,Omnivore,7.0,13.5,24.2,5.0,SA,-12.614343,-2.2511742,1.8981618
Albino Corydoras,/species-spotlight/albino-corydoras/,Corydorasaeneus,Actinopterygii,Siluriformes,Callichthyidae,Peaceful,Bottom,Omnivore,6.75,10.0,24.15,7.0,SA,-12.489769,0.089363396,-1.7369341
Amano Shrimp,/species-spotlight/amano-shrimp/,Caridinamultidentata,Malacostraca,Decapoda,Atyidae,Peaceful,Bottom - Middle,Omnivore,7.25,10.0,23.9,6.0,AS,-4.6589313,6.8165903,2.3629978
Amazon Zebra Shrimp,/species-spotlight/amazon-zebra-shrimp/,Euryrhynchusamazoniensis,Malacostraca,Decapoda,Euryrhynchidae,Peaceful,All Levels,Omnivore,5.25,6.0,28.0,3.0,SA,-6.565974,10.608845,-1.3988378
American Flagfish,/species-spotlight/american-flagfish/,Jordanellafloridae,Actinopterygii,Cyprinodontiformes,Cyprinodontidae,Semi-Aggressive,Middle - Top,Omnivore,7.5,12.5,23.9,7.0,NAM,2.989985,5.7064524,0.91716456
Apple Snail,/species-spotlight/apple-snail/,"Pomaceabridgesii,Pomaceacanaliculata,Pomaceadiffusa,Pomaceahaustrum,Pomaceapaludosa,Pomaceamaculata",Gastropoda,Architaenioglossa,Ampullariidae,Peaceful,All Levels,Omnivore,7.25,9.0,23.05,15.0,NAM,-2.4196813,-2.0395832,1.0851119
Araguaia Corydoras,/species-spotlight/araguaia-corydoras/,Corydorasaraguaiaensis,Actinopterygii,Siluriformes,Callichthyidae,Peaceful,Bottom - Middle,Omnivore,7.0,13.5,23.5,6.0,SA,-12.455409,-2.5548525,0.8887848
Armatus Corydoras,/species-spotlight/armatus-corydoras/,Corydorasarmatus,Actinopterygii,Siluriformes,Callichthyidae,Peaceful,Bottom,Omnivore,7.0,8.5,24.45,6.5,SA,-12.532354,1.1258163,-2.378586
Arulius Barb,/species-spotlight/arulius-barb/,Puntiusarulius,Actinopterygii,Cypriniformes,Cyprinidae,Peaceful,Middle,Omnivore,7.0,8.5,21.5,10.0,AS,-4.425371,1.4628786,0.13301966
Assam Danio,/species-spotlight/assam-danio/,Devarioassamensis,Actinopterygii,Cypriniformes,Cyprinidae,Peaceful,Middle - Top,Omnivore,7.0,10.0,18.35,10.0,AS,-3.8359292,1.8648115,1.4911418
Assassin Snail,/species-spotlight/assassin-snail/,"CleaHelena,Anentomehelena",Gastropoda,Neogastropoda,Nassariidae,Peaceful,Bottom,Omnivore,7.6,17.5,24.7,2.0,AS,3.5849903,5.7699265,-0.3212457
Axelrods Corydoras,/species-spotlight/axelrods-corydoras/,Corydorasaxelrodi,Actinopterygii,Siluriformes,Callichthyidae,Peaceful,Bottom,Omnivore,6.5,12.5,24.15,5.0,SA,-12.991284,-1.2685851,1.3722581
Bala Shark,/species-spotlight/bala-shark/,BalantiocheilosMelanopterus,Actinopterygii,Cypriniformes,Cyprinidae,Peaceful,Bottom - Middle,Omnivore,7.0,6.0,25.0,35.0,AS,-0.7725427,-3.767385,-0.6110896
Banded Apistogramma,/species-spotlight/banded-apistogramma/,Apistogrammabitaeniata,Actinopterygii,Cichliformes,Cichlidae,Peaceful,Bottom - Middle,Omnivore,5.75,5.0,26.95,8.0,SA,-8.113312,2.237156,-3.0969968
Banded Corydoras,/species-spotlight/banded-corydoras/,Scleromystaxbarbatus,Actinopterygii,Siluriformes,Callichthyidae,Peaceful,Bottom,Omnivore,7.0,13.5,23.9,10.0,SA,-10.568893,-2.2939708,0.13657716
Banded Rainbowfish,/species-spotlight/banded-rainbowfish/,Melanotaeniatrifasciata,Actinopterygii,Atheriniformes,Melanotaeniidae,Peaceful,Middle - Top,Omnivore,7.5,16.5,23.55,13.0,OC,1.9597157,4.4426394,-1.7958444
Bandit Corydoras,/species-spotlight/bandit-corydoras/,Corydorasmetae,Actinopterygii,Siluriformes,Callichthyidae,Peaceful,Bottom,Omnivore,6.75,10.0,23.0,5.0,SA,-13.209943,0.6386899,-0.42400032
Barred Danio,/species-spotlight/barred-danio/,Devariopathirana,Actinopterygii,Cypriniformes,Cyprinidae,Peaceful,Middle,Omnivore,7.0,12.0,23.35,8.0,AS,-6.1461363,1.2606839,1.6099216
Barred Pencilfish,/species-spotlight/barred-pencilfish/,Nannostomusespei,Actinopterygii,Characiformes,Lebiasinidae,Peaceful,Middle - Top,Omnivore,6.0,7.0,24.75,3.0,SA,13.104596,1.2643368,-1.7972277
Bengal Danio,/species-spotlight/bengal-danio/,Devariodevario,Actinopterygii,Cypriniformes,Cyprinidae,Peaceful,Top,Omnivore,7.0,12.5,20.55,8.0,AS,-4.410346,2.5089986,2.363222
Black Banded Leporinus,/species-spotlight/black-banded-leporinus/,Leporinusfasciatus,Actinopterygii,Characiformes,Anostomidae,Peaceful,Middle,Omnivore,6.5,12.5,25.0,30.0,SA,0.74577004,-4.0518465,-0.46179736
Black Bar Endler,/species-spotlight/black-bar-endler/,Poeciliawingei,Actinopterygii,Cyprinodontiformes,Poeciliidae,Peaceful,All Levels,Omnivore,7.75,25.0,26.95,2.5,SA,2.8327649,3.3109958,0.97536856
Black Barred Danio,/species-spotlight/black-barred-danio/,Danioabsconditus,Actinopterygii,Cypriniformes,Cyprinidae,Peaceful,Middle - Top,Omnivore,6.75,8.5,21.95,8.0,AS,-4.957558,2.5130982,0.17624551
Black Darter Tetra,/species-spotlight/black-darter-tetra/,Poecilocharaxweitzmani,Actinopterygii,Characiformes,Crenuchidae,Peaceful,Middle - Top,Carnivore,5.0,5.5,25.85,4.0,SA,12.492873,-0.47015783,-0.21932855
Black Diamond Corydoras CW49,/species-spotlight/black-diamond-corydoras-cw49/,Corydorassp,Actinopterygii,Siluriformes,Callichthyidae,Peaceful,Bottom,Omnivore,6.5,11.0,25.0,6.0,SA,-13.150952,-0.6124793,-1.4716964
Black Line Rasbora,/species-spotlight/black-line-rasbora/,Rasboraborapetensis,Actinopterygii,Cypriniformes,Cyprinidae,Peaceful,Middle - Top,Omnivore,6.75,8.5,23.9,6.0,AS,-6.526914,3.9665227,0.12535353
Black Line Tetra,/species-spotlight/black-line-tetra/,Hyphessobryconscholzei,Actinopterygii,Characiformes,Characidae,Peaceful,Middle,Omnivore,7.25,14.0,25.0,5.0,SA,5.6075864,2.4773014,1.3547676
Black Neon Tetra,/species-spotlight/black-neon-tetra/,Hyphessobryconherbertaxelrodi,Actinopterygii,Characiformes,Characidae,Peaceful,Middle - Top,Omnivore,6.25,3.5,23.05,4.0,SA,12.308138,-2.363605,0.11612357
Black Phantom Tetra,/species-spotlight/black-phantom-tetra/,Hyphessobryconmegalopterus,Actinopterygii,Characiformes,Characidae,Peaceful,Middle,Omnivore,6.5,10.5,25.0,3.5,SA,8.534729,1.9296674,2.006649
Black Rose Shrimp,/species-spotlight/black-rose-shrimp/,NeocaridinaDavidi,Malacostraca,Decapoda,Atyidae,Peaceful,All Levels,Omnivore,7.0,6.0,23.85,4.0,AS,-5.9765573,9.572294,0.563216
Black Ruby Barb,/species-spotlight/black-ruby-barb/,Pethianigrofasciata,Actinopterygii,Cypriniformes,Cyprinidae,Peaceful,Bottom - Middle,Omnivore,6.5,8.5,24.15,5.0,AS,-5.8622065,5.1477284,0.44922495
Black Sharkminnow,/species-spotlight/black-sharkminnow/,Labeochrysophekadion,Actinopterygii,Cypriniformes,Cyprinidae,Aggressive,Bottom - Middle,Omnivore,7.0,15.0,23.0,90.0,AS,-0.5024655,-6.8378716,0.08027571
Black Venezuela Corydoras,/species-spotlight/black-venezuela-corydoras/,"Corydorasschultzei""BlackVenezuela""",Actinopterygii,Siluriformes,Callichthyidae,Peaceful,Bottom,Omnivore,6.75,8.5,25.0,6.0,SA,-12.961017,1.2673874,-2.4900117
Black Widow Tetra,/species-spotlight/black-widow-tetra/,Gymnocorymbusternetzi,Actinopterygii,Characiformes,Characidae,Peaceful,Middle - Top,Omnivore,6.5,12.5,22.8,7.5,SA,5.66893,1.47776,-0.113887966
Blackfin Pearl Killifish,/species-spotlight/blackfin-pearl-killifish/,Austrolebiasnigripinnis,Actinopterygii,Cyprinodontiformes,Rivulidae,Semi-Aggressive,Bottom - Middle,Omnivore,6.5,12.5,20.85,5.0,SA,6.568711,3.1966286,-1.2245822
Blackline Tail Tetra,/species-spotlight/blackline-tail-tetra/,Moenkhausiacostae,Actinopterygii,Characiformes,Characidae,Peaceful,Middle - Top,Omnivore,6.75,11.5,24.0,6.0,SA,6.551683,1.4884874,0.23432209
Blacktop Corydoras,/species-spotlight/blacktop-corydoras/,Corydorasacutus,Actinopterygii,Siluriformes,Callichthyidae,Peaceful,Bottom,Omnivore,7.0,13.5,24.75,5.5,SA,-11.991588,-1.8076012,1.7987365
Bleeding Blue Tetra,/species-spotlight/bleeding-blue-tetra/,Hyphessobryconmargitae,Actinopterygii,Characiformes,Characidae,Peaceful,Middle - Top,Omnivore,6.75,10.0,25.0,5.0,SA,8.0444145,0.963828,0.7995486
Bleeding Heart Tetra,/species-spotlight/bleeding-heart-tetra/,Hyphessobryconerythrostigma,Actinopterygii,Characiformes,Characidae,Peaceful,Bottom - Middle,Omnivore,7.0,10.0,25.0,8.0,SA,6.490336,-0.56034464,0.14290822
Blood Tailed Danio,/species-spotlight/blood-tailed-danio/,Devarioannandalei,Actinopterygii,Cypriniformes,Cyprinidae,Peaceful,Middle,Omnivore,7.0,10.0,23.9,10.0,AS,-5.6395173,0.69370747,0.39370435
Bloodfin Tetra,/species-spotlight/bloodfin-tetra/,Aphyocharaxanisitsi,Actinopterygii,Characiformes,Characidae,Peaceful,Middle - Top,Omnivore,7.0,7.5,22.8,5.5,SA,9.861162,-1.305744,0.20771651
Bloody Mary Shrimp,/species-spotlight/bloody-mary-shrimp/,Neocaridinadavidi,Malacostraca,Decapoda,Atyidae,Peaceful,Bottom,Omnivore,6.9,8.0,23.35,4.0,AS,-4.9288483,7.214052,2.4260433
Blue Botia,/species-spotlight/blue-botia/,Yasuhikotakiamodesta,Actinopterygii,Cypriniformes,Botiidae,Semi-Aggressive,Bottom,Omnivore,6.75,10.0,26.1,18.0,AS,3.2019293,-3.2400203,-0.34714565
Blue Danio,/species-spotlight/blue-danio/,Daniokerri,Actinopterygii,Cypriniformes,Cyprinidae,Peaceful,Middle - Top,Omnivore,7.0,10.0,23.9,4.5,AS,-6.477535,4.8263693,1.4334282
Blue Eyed Congo Tetra,/species-spotlight/blue-eyed-congo-tetra/,Phenacogrammusaurantiacus,Actinopterygii,Characiformes,Alestidae,Peaceful,Middle - Top,Omnivore,6.75,10.5,25.0,10.0,AF,-6.148067,0.5060514,0.645777
Blue Leg Poso Sulawesi Shrimp,/species-spotlight/blue-leg-poso-sulawesi-shrimp/,Caridinacaerulea,Malacostraca,Decapoda,Atyidae,Peaceful,All Levels,Omnivore,7.75,6.0,28.0,2.5,AS,-6.3623643,9.804787,-1.442773
Blue Line Rasbora,/species-spotlight/blue-line-rasbora/,Rasborasarawakensis,Actinopterygii,Cypriniformes,Cyprinidae,Peaceful,Middle - Top,Omnivore,6.75,7.0,23.9,5.0,AS,-6.9500136,5.074196,-0.6223517
Blue Panda Apistogramma,/species-spotlight/blue-panda-apistogramma/,"Apistogrammapanduro,Apistogrammapandurini",Actinopterygii,Cichliformes,Cichlidae,Peaceful,Bottom - Middle,Omnivore,5.25,5.0,25.3,7.5,SA,-8.130875,2.4637291,-3.1362224
Blue Purple Emperor Tetra,/species-spotlight/blue-purple-emperor-tetra/,Inpaichthyskerri,Actinopterygii,Characiformes,Characidae,Peaceful,Middle - Top,Omnivore,6.75,7.5,24.0,4.0,SA,10.4340725,-0.48893878,0.7830912
Blue Spot African Tetra,/species-spotlight/blue-spot-african-tetra/,Brycinuspoptae,Actinopterygii,Characiformes,Alestidae,Peaceful,Middle - Top,Omnivore,7.0,12.5,24.75,16.0,AF,-4.670262,-2.3021343,0.1636777
Blue Spotted Hill Trout,/species-spotlight/blue-spotted-hill-trout/,Bariliusbakeri,Actinopterygii,Cypriniformes,Cyprinidae,Semi-Aggressive,Middle - Top,Omnivore,6.75,6.0,21.95,15.0,AS,-3.9431968,-0.6265117,-1.7914816
Blue Star Endlers,/species-spotlight/blue-star-endlers/,Poeciliawingei,Actinopterygii,Cyprinodontiformes,Poeciliidae,Peaceful,Middle - Top,Omnivore,7.75,8.5,26.95,2.5,SA,6.352634,6.0507255,-0.7305012
Blue Striped Rivulus Killifish,/species-spotlight/blue-striped-rivulus-killifish/,"RivulusXiphidius,Laimosemionxiphidius",Actinopterygii,Cyprinodontiformes,Rivulidae,Peaceful,Middle - Top,Omnivore,6.25,4.0,23.9,4.5,SA,11.564066,-3.359874,-0.30155787
Blueberry Tetra,/species-spotlight/blueberry-tetra/,Hyphessobryconwadai,Actinopterygii,Characiformes,Characidae,Peaceful,Middle - Top,Omnivore,6.25,3.5,23.05,2.5,SA,12.361213,-2.4658678,0.18030293
Bluefin Notho,/species-spotlight/bluefin-notho/,Nothobranchiusrachovii,Actinopterygii,Cyprinodontiformes,Nothobranchiidae,Peaceful,Bottom,Omnivore,6.75,6.5,21.95,6.0,AF,8.409721,-4.3810716,0.07272125
Boesemans Rainbowfish,/species-spotlight/boesemans-rainbowfish/,MelanotaeniaBoesemani,Actinopterygii,Atheriniformes,Melanotaeniidae,Peaceful,Middle - Top,Omnivore,7.25,15.0,28.0,13.0,OC,1.813037,4.5420814,-2.0131736
Bolivian Ram Cichlid,/species-spotlight/bolivian-ram-cichlid/,Mikrogeophagusaltispinosus,Actinopterygii,Cichliformes,Cichlidae,Peaceful,Middle,Omnivore,6.75,10.0,24.45,8.0,SA,-7.9918237,1.0354364,0.0082640685
Borneo Red Fin Silver Shark,/species-spotlight/borneo-red-fin-silver-shark/,Cyclocheilichthysjanthochir,Actinopterygii,Cypriniformes,Cyprinidae,Peaceful,Bottom - Middle,Omnivore,5.5,6.5,24.2,20.0,AS,-3.080111,-1.7598667,-1.5905527
Bristlenose Pleco,/species-spotlight/bristlenose-pleco/,AncistrusCirrhosus,Actinopterygii,Siluriformes,Loricariidae,Peaceful,Bottom,Omnivore,6.8,16.0,25.0,12.5,NAM,3.7989187,0.51703966,0.16211471
Brittanichthys Axelrodi Tetra,/species-spotlight/brittanichthys-axelrodi-tetra/,Brittanichthysaxelrodi,Actinopterygii,Characiformes,Characidae,Peaceful,Middle - Top,Omnivore,5.5,3.0,26.1,3.0,SA,13.019341,-1.6542996,-0.39918932
Broken Line Tetra,/species-spotlight/broken-line-tetra/,Hemigrammusulreyi,Actinopterygii,Characiformes,Characidae,Peaceful,Middle - Top,Omnivore,6.75,8.5,24.5,5.0,SA,9.2079115,-0.0070100054,0.35163987
Bronze Corydoras,/species-spotlight/bronze-corydoras/,CorydorasAeneus,Actinopterygii,Siluriformes,Callichthyidae,Peaceful,Bottom,Omnivore,6.75,10.0,25.3,7.0,SA,-12.835518,-0.08548457,-2.270962
Bronze Corydoras Var Longfin,/species-spotlight/bronze-corydoras---longfin/,Corydorasaeneus,Actinopterygii,Siluriformes,Callichthyidae,Peaceful,Bottom,Omnivore,7.0,15.0,24.5,7.0,SA,-11.331445,-2.7284017,1.2835218
Bucktooth Tetra,/species-spotlight/bucktooth-tetra/,Exodonparadoxus,Actinopterygii,Characiformes,Characidae,Aggressive,Middle - Top,Carnivore,6.5,12.5,24.5,12.0,SA,4.8041615,0.22993359,-0.111740634
Buenos Aires Tetra,/species-spotlight/buenos-aires-tetra/,Hyphessobryconanisitsi,Actinopterygii,Characiformes,Characidae,Semi-Aggressive,Middle - Top,Omnivore,7.0,18.5,22.8,7.0,SA,4.150358,2.3506162,0.4644814
Bumblebee Goby,/species-spotlight/bumblebee-goby/,Brachygobiusdoriae,Actinopterygii,Gobiiformes,Gobiidae,Semi-Aggressive,Bottom - Middle,Carnivore,7.5,5.5,24.45,4.2,AS,8.904539,-6.6157284,-1.1431248
Butterfly Barb,/species-spotlight/butterfly-barb/,Barbushulstaerti,Actinopterygii,Cypriniformes,Cyprinidae,Peaceful,Middle,Omnivore,5.5,3.0,20.3,3.5,AF,-9.47641,5.275678,-2.1453257
Butterfly Plecostomus L168,/species-spotlight/butterfly-plecostomus-l168/,DekeyseriaBrachyura,Actinopterygii,Siluriformes,Loricariidae,Peaceful,Bottom,Omnivore,6.25,7.0,26.0,15.0,SA,3.8355088,-3.122609,0.5552256
Cardinal Sulawesi Shrimp,/species-spotlight/cardinal-sulawesi-shrimp/,CaridinaDennerli,Malacostraca,Decapoda,Atyidae,Peaceful,Bottom - Middle,Omnivore,7.9,7.0,27.2,2.5,AS,-6.4518957,8.904616,-1.9028066
Cardinal Tetra,/species-spotlight/cardinal-tetra/,Paracheirodonaxelrodi,Actinopterygii,Characiformes,Characidae,Peaceful,Middle - Top,Omnivore,5.5,3.0,26.0,5.0,SA,12.966868,-1.7338899,-0.36995837
Celebes Rainbowfish,/species-spotlight/celebes-rainbowfish/,Marosatherinaladigesi,Actinopterygii,Atheriniformes,Melanotaeniidae,Peaceful,Middle,Omnivore,7.5,17.5,25.0,8.0,AS,2.702141,5.047175,-1.1097119
Celestial Pearl Danio,/species-spotlight/celestial-pearl-danio/,Daniomargaritatus,Actinopterygii,Cypriniformes,Cyprinidae,Peaceful,Middle - Top,Omnivore,7.0,9.0,22.8,2.5,AS,-7.1771398,5.856886,1.3972883
Cenepa Red Pencilfish,/species-spotlight/cenepa-red-pencilfish/,Nannstomussp,Actinopterygii,Characiformes,Lebiasinidae,Peaceful,Middle - Top,Omnivore,5.5,6.5,25.85,3.5,SA,13.200779,0.9848839,-1.6801615
Checker Barb,/species-spotlight/checker-barb/,Oliotiusoligolepis,Actinopterygii,Cypriniformes,Cyprinidae,Peaceful,Bottom - Middle,Omnivore,6.0,5.5,21.95,5.0,SA,-10.420493,4.132635,-2.1513448
Checkerboard Cichlid,/species-spotlight/checkerboard-cichlid/,Dicrossusfilamentosus,Actinopterygii,Cichliformes,Cichlidae,Peaceful,Middle,Omnivore,5.5,4.5,28.6,10.0,SA,-8.011037,1.7416794,-2.9839375
Cherry Barb,/species-spotlight/cherry-barb/,Puntiustitteya,Actinopterygii,Cypriniformes,Cyprinidae,Peaceful,Bottom - Middle,Omnivore,7.35,12.0,23.9,5.0,AS,-6.624539,3.5988593,2.5949402
Chilli Rasbora,/species-spotlight/chilli-rasbora/,BorarasBrigittae,Actinopterygii,Cypriniformes,Cyprinidae,Peaceful,Middle - Top,Omnivore,6.0,5.5,25.55,2.0,AS,-8.207753,6.9012265,-1.1529616
Chinese Barb,/species-spotlight/chinese-barb/,Barbodessemifasciolatus,Actinopterygii,Cypriniformes,Cyprinidae,Peaceful,Bottom - Middle,Omnivore,7.0,5.5,20.85,7.5,AS,-4.414399,3.5386636,-1.3735782
Chinese High Fin Banded Shark,/species-spotlight/chinese-high-fin-banded-shark/,MyxocyprinusAsiaticus,Actinopterygii,Cypriniformes,Catostomidae,Peaceful,Bottom,Omnivore,7.0,12.0,23.05,43.0,AS,0.678428,-5.5475483,-0.16260631
Chinese Hillstream Loach,/species-spotlight/chinese-hillstream-loach/,Pseudogastromyzoncheni,Actinopterygii,Cypriniformes,Balitoridae,Peaceful,Bottom,Omnivore,7.5,10.0,21.95,6.0,AS,6.985364,-4.3122964,1.0763603
Chinese Neon Golden Stripe Shark,/species-spotlight/chinese-neon-golden-stripe-shark/,Sarcocheilichthysparvus,Actinopterygii,Cypriniformes,Cyprinidae,Peaceful,Bottom - Middle,Omnivore,7.0,8.5,25.3,7.0,AS,-6.8984995,2.756492,-0.949618
Chocolate Gourami,/species-spotlight/chocolate-gourami/,Sphaerichthysosphromenoides,Actinopterygii,Anabantiformes,Osphronemidae,Semi-Aggressive,Middle - Top,Omnivore,5.0,3.25,26.95,6.0,AS,8.720406,-7.290697,-0.6735202
Chocolate Shrimp,/species-spotlight/chocolate-shrimp/,NeocaridinaDavidi,Malacostraca,Decapoda,Atyidae,Peaceful,All Levels,Omnivore,7.0,9.0,23.35,4.0,AS,-5.1723027,9.022344,0.0950067
Christys Killifish,/species-spotlight/christys-killifish/,Aphyosemionchristyi,Actinopterygii,Cyprinodontiformes,Nothobranchiidae,Peaceful,Middle - Top,Omnivore,7.0,10.0,24.15,6.0,AF,8.214815,-4.044987,-1.0933039
Clown Barb,/species-spotlight/clown-barb/,"Barbodeseveretti,Puntiuseveretti,Barbodesdunckeri",Actinopterygii,Cypriniformes,Cyprinidae,Peaceful,All Levels,Omnivore,6.75,10.0,26.95,15.0,AS,-3.5870748,-1.6749096,0.08947656
Clown Killifish,/species-spotlight/clown-killifish/,Epiplatysannulatus,Actinopterygii,Cyprinodontiformes,Nothobranchiidae,Peaceful,Top,Omnivore,5.5,2.5,23.05,3.5,AF,11.52821,-3.5332322,-0.3411777
Clown Loach,/species-spotlight/clown-loach/,Chromobotiamacracanthus,Actinopterygii,Cypriniformes,Botiidae,Peaceful,Bottom,Omnivore,6.25,8.0,25.55,15.0,AS,3.9962075,-2.9783695,-0.19315669
Clown Rasbora,/species-spotlight/clown-rasbora/,Rasborakalochroma,Actinopterygii,Cypriniformes,Cyprinidae,Peaceful,All Levels,Omnivore,6.25,6.0,25.3,10.0,AS,-5.3949523,1.2150911,-1.9567286
Cochus Blue Tetra,/species-spotlight/cochus-blue-tetra/,Boehlkeafredcochui,Actinopterygii,Characiformes,Characidae,Peaceful,All Levels,Omnivore,6.75,10.0,24.2,5.5,SA,8.005128,1.461384,-0.34073803
Cockatoo Dwarf Cichlid,/species-spotlight/cockatoo-dwarf-cichlid/,Apistogrammacacatuoides,Actinopterygii,Cichliformes,Cichlidae,Peaceful,Middle,Omnivore,7.0,12.0,25.55,10.0,SA,-7.2871165,-0.25167695,0.63705635
Coffee Bean Tetra,/species-spotlight/coffee-bean-tetra/,Hyphessobrycontakasei,Actinopterygii,Characiformes,Characidae,Peaceful,Middle - Top,Omnivore,6.5,17.5,25.85,4.0,SA,4.6505723,2.8292081,1.326682
Colombian Redfin Tetra,/species-spotlight/colombian-redfin-tetra/,Hyphessobryconcolumbianus,Actinopterygii,Characiformes,Characidae,Peaceful,Middle - Top,Omnivore,6.5,10.5,25.3,6.5,SA,6.867309,0.5182581,0.57608545
Common Hatchetfish,/species-spotlight/common-hatchetfish/,Gasteropelecussternicla,Actinopterygii,Characiformes,Gasteropelecidae,Peaceful,Top,Omnivore,6.5,8.5,25.0,6.5,SA,6.8655934,-4.9634814,2.3798625
Common Otocinclus,/species-spotlight/common-otocinclus/,Otocinclusvittatus,Actinopterygii,Siluriformes,Loricariidae,Peaceful,Bottom,Herbivore,6.5,9.0,23.6,4.0,SA,8.370729,-2.6357522,2.2267916
Concolour Corydoras,/species-spotlight/concolour-corydoras/,Corydorasconcolor,Actinopterygii,Siluriformes,Callichthyidae,Peaceful,Bottom,Omnivore,7.0,10.0,25.0,6.0,SA,-13.235039,0.16815914,-1.9537851
Congo Ctenopoma,/species-spotlight/congo-ctenopoma/,Ctenopomacongicum,Actinopterygii,Anabantiformes,Anabantidae,Peaceful,Bottom - Middle,Carnivore,6.5,14.0,25.0,6.5,AF,6.6546874,-9.115078,-1.6163069
Congo Tetra,/species-spotlight/congo-tetra/,Phenacogrammusinterruptus,Actinopterygii,Characiformes,Alestidae,Peaceful,Middle - Top,Omnivore,6.7,11.0,25.55,6.0,AF,-7.2017293,1.8331933,1.7493069
Convict Cichlid,/species-spotlight/convict-cichlid/,Amatitlanianigrofasciata,Actinopterygii,Cichliformes,Cichlidae,Aggressive,All Levels,Omnivore,7.0,7.0,27.5,15.0,NAM,-2.72819,-1.6475784,0.22062892
Copei Tetra,/species-spotlight/copei-tetra/,Moenkhausiacopei,Actinopterygii,Characiformes,Characidae,Peaceful,Middle - Top,Omnivore,6.75,15.0,24.0,6.0,SA,5.1275845,2.4243171,0.8092388
Coral Red Pencilfish,/species-spotlight/coral-red-pencilfish/,Nannostomusmortenthaleri,Actinopterygii,Characiformes,Lebiasinidae,Peaceful,Middle - Top,Omnivore,5.5,6.5,26.0,3.5,SA,13.219943,0.9746572,-1.6587554
Costello Tetra,/species-spotlight/costello-tetra/,Hemigrammushyanuary,Actinopterygii,Characiformes,Characidae,Peaceful,Middle - Top,Omnivore,6.5,8.5,25.0,4.0,SA,9.840263,0.65543896,0.85035783
Crystal Black Shrimp,/species-spotlight/crystal-black-shrimp/,CaridinaCantonensis,Malacostraca,Decapoda,Atyidae,Peaceful,All Levels,Omnivore,6.75,5.0,20.55,3.0,AS,-5.995429,9.35918,1.9508752
Crystal Red Shrimp,/species-spotlight/crystal-red-shrimp/,CaridinaCantonensis,Malacostraca,Decapoda,Atyidae,Peaceful,All Levels,Omnivore,6.75,5.0,20.55,3.0,AS,-5.995429,9.35918,1.9508752
Cuckoo Catfish,/species-spotlight/cuckoo-catfish/,Synodontismultipunctatus,Actinopterygii,Siluriformes,Mochokidae,Peaceful,Bottom - Middle,Omnivore,8.0,25.0,25.25,27.5,AF,2.7045937,-5.8448257,-1.0232279
Daisys Blue Ricefish,/species-spotlight/daisys-blue-ricefish/,Oryziaswoworae,Actinopterygii,Beloniformes,Adrianichthyidae,Peaceful,Middle - Top,Omnivore,6.75,14.0,24.0,3.0,AS,7.065533,-9.7016735,-1.159513
Darter Corydoras,/species-spotlight/darter-corydoras/,Corydorassp.CW153,Actinopterygii,Siluriformes,Callichthyidae,Peaceful,Bottom - Middle,Omnivore,6.75,13.5,23.5,3.5,SA,-13.433596,-1.7884258,2.6385798
Dawn Tetra,/species-spotlight/dawn-tetra/,Aphyocharaxparaguayensis,Actinopterygii,Characiformes,Characidae,Semi-Aggressive,Middle,Omnivore,6.5,10.0,25.0,4.5,SA,8.314606,0.7798604,1.7707283
Delphax Corydoras,/species-spotlight/delphax-corydoras/,CorydorasDelphax,Actinopterygii,Siluriformes,Callichthyidae,Peaceful,Bottom,Omnivore,6.5,7.0,24.2,6.0,SA,-12.250449,2.2676919,-2.5163326
Denison Barb,/species-spotlight/denison-barb/,Sahyadriadenisonii,Actinopterygii,Cypriniformes,Cyprinidae,Peaceful,Bottom - Middle,Omnivore,7.25,15.0,22.5,15.0,AS,-5.370573,-3.1732395,-0.3828456
Desana Corydoras,/species-spotlight/desana-corydoras/,Corydorasdesana,Actinopterygii,Siluriformes,Callichthyidae,Peaceful,Bottom,Omnivore,6.75,10.0,24.45,6.5,SA,-12.889641,0.15137665,-1.7756763
Diamond Tetra,/species-spotlight/diamond-tetra/,Moenkhausiapittieri,Actinopterygii,Characiformes,Characidae,Peaceful,Bottom - Middle,Omnivore,6.5,8.5,25.85,6.0,SA,8.069693,-1.0210037,0.5874403
Discus,/species-spotlight/discus/,"Symphysodonaequifasciatus,Symphysodondiscus,Symphysodon",Actinopterygii,Cichliformes,Cichlidae,Peaceful,All Levels,Carnivore,6.0,12.5,28.05,25.0,SA,-2.0360754,-3.070048,-0.46070093
Domino Tetra,/species-spotlight/domino-tetra/,Neolebiaspowelli,Actinopterygii,Characiformes,Distichodontidae,Peaceful,Middle - Top,Omnivore,6.5,12.5,23.9,2.5,AF,6.8507476,-5.6294484,2.560333
Drape Fin Barb,/species-spotlight/drape-fin-barb/,Oreichthyscrenuchoides,Actinopterygii,Cypriniformes,Cyprinidae,Peaceful,Middle - Top,Omnivore,7.0,5.0,25.0,5.0,AS,-7.4723945,5.5515957,-1.6905808
Duplicate Corydoras,/species-spotlight/duplicate-corydoras/,Corydorasduplicareus,Actinopterygii,Siluriformes,Callichthyidae,Peaceful,Bottom,Omnivore,5.5,8.5,23.0,5.0,SA,-12.827532,2.0790224,-1.1328539
Dusky Millions Fish,/species-spotlight/dusky-millions-fish/,Phalloceroscaudimaculatus,Actinopterygii,Cyprinodontiformes,Poeciliidae,Peaceful,All Levels,Omnivore,7.0,12.5,20.0,6.0,SA,6.0939803,3.5248551,-1.0036007
Dwarf Chain Loach,/species-spotlight/dwarf-chain-loach/,AmbastaiaSidthimunki,Actinopterygii,Cypriniformes,Botiidae,Peaceful,Bottom - Middle,Omnivore,6.75,7.5,25.85,6.0,AS,8.027505,-2.4861834,0.05710139
Dwarf Ctenopoma,/species-spotlight/dwarf-ctenopoma/,Microctenopomananum,Actinopterygii,Anabantiformes,Anabantidae,Peaceful,Bottom - Middle,Carnivore,6.75,10.0,20.85,7.0,AF,6.883465,-8.525338,-0.82312304
Dwarf Gourami,/species-spotlight/dwarf-gourami/,Trichogasterlalius,Actinopterygii,Anabantiformes,Osphronemidae,Peaceful,Middle - Top,Omnivore,6.75,7.0,25.0,8.0,AS,7.6915874,-7.516629,-1.1093996
Dwarf Neon Rainbowfish,/species-spotlight/dwarf-neon-rainbowfish/,Melanotaeniapraecox,Actinopterygii,Atheriniformes,Melanotaeniidae,Peaceful,Middle,Omnivore,7.0,10.0,24.15,6.0,OC,3.127722,7.0083137,-1.9221117
Dwarf Pencilfish,/species-spotlight/dwarf-pencilfish/,Nannostomusmarginatus,Actinopterygii,Characiformes,Lebiasinidae,Peaceful,Middle - Top,Omnivore,6.5,6.5,25.0,3.5,SA,13.086645,1.0828935,-1.8141888
Dwarf Pufferfish,/species-spotlight/dwarf-pufferfish/,CarinotetraodonTravancoricus,Actinopterygii,Tetraodontiformes,Tetraodontidae,Aggressive,Middle,Omnivore,7.0,15.0,25.0,3.5,AS,6.879992,-9.935221,-0.852507
Dwarf Rasbora,/species-spotlight/dwarf-rasbora/,Borarasmaculatus,Actinopterygii,Cypriniformes,Cyprinidae,Peaceful,Middle - Top,Omnivore,5.25,3.0,24.5,2.5,AS,-8.823486,6.4430966,-1.8682467
Dwarf Spotted Danio,/species-spotlight/dwarf-spotted-danio/,Danionigrofasciatus,Actinopterygii,Cypriniformes,Cyprinidae,Peaceful,Middle - Top,Omnivore,6.75,8.5,25.85,4.0,AS,-6.39356,6.324121,-0.10104411
Eggers Killifish,/species-spotlight/eggers-killifish/,Nothobranchiuseggersi,Actinopterygii,Cyprinodontiformes,Nothobranchiidae,Peaceful,Top,Omnivore,7.5,12.5,24.45,5.0,AF,8.056169,-3.9894576,-1.7227592
Eight Banded False Barb,/species-spotlight/eight-banded-false-barb/,Eirmotusoctozona,Actinopterygii,Cypriniformes,Cyprinidae,Peaceful,Middle - Top,Omnivore,6.0,7.0,25.0,3.5,AS,-7.417383,6.3699346,-0.5641592
Eilyos Tetra,/species-spotlight/eilyos-tetra/,Hyphessobryconeilyos,Actinopterygii,Characiformes,Characidae,Peaceful,Middle - Top,Omnivore,6.5,6.5,25.5,3.0,SA,11.77508,0.11729083,0.64002293
El Tigre Endler,/species-spotlight/el-tigre-endler/,Poeciliawingei,Actinopterygii,Cyprinodontiformes,Poeciliidae,Peaceful,All Levels,Omnivore,7.75,25.0,26.5,5.0,SA,2.8343923,3.2624984,0.8784748
Electric Blue Jack Dempsey,/species-spotlight/electric-blue-jack-dempsey/,Rociooctofasciatacf,Actinopterygii,Cichliformes,Cichlidae,Semi-Aggressive,All Levels,Omnivore,6.5,10.0,26.1,20.0,NAM,-2.5159743,-2.6449606,-0.2184095
Electric Blue Ram Cichlid,/species-spotlight/electric-blue-ram-cichlid/,Mikrogeophagusramirezi,Actinopterygii,Cichliformes,Cichlidae,Peaceful,Bottom - Middle,Omnivore,6.25,8.5,27.5,10.0,SA,-7.7770376,0.94023895,-1.5748839
Electric Yellow Cichlid,/species-spotlight/electric-yellow-cichlid/,Labidochromiscaeruleus,Actinopterygii,Cichliformes,Cichlidae,Semi-Aggressive,Bottom - Middle,Omnivore,8.0,12.5,25.0,10.0,AF,-6.9541016,-0.4404677,0.93147695
Elegant Corydoras,/species-spotlight/elegant-corydoras/,Corydoraselegans,Actinopterygii,Siluriformes,Callichthyidae,Peaceful,Bottom - Middle,Omnivore,7.0,13.5,24.15,5.0,SA,-12.409099,-1.8458408,2.2830462
Ember Tetra,/species-spotlight/ember-tetra/,Hyphessobryconamandae,Actinopterygii,Characiformes,Characidae,Peaceful,Bottom - Middle,Omnivore,6.0,11.0,25.85,2.0,SA,8.905557,2.5970678,2.6869278
Emerald Betta,/species-spotlight/emerald-betta/,Bettasmaragdina,Actinopterygii,Anabantiformes,Osphronemidae,Semi-Aggressive,Top,Omnivore,6.5,6.0,24.15,7.0,AS,8.0389385,-7.4654617,-0.95503515
Emerald Brochis Corydoras,/species-spotlight/emerald-brochis-corydoras/,Corydorassplendens,Actinopterygii,Siluriformes,Callichthyidae,Peaceful,Bottom,Omnivore,6.5,8.5,23.9,9.0,SA,-11.310431,0.55468315,-2.3883097
Emerald Dwarf Danio,/species-spotlight/emerald-dwarf-danio/,Danioerythromicron,Actinopterygii,Cypriniformes,Cyprinidae,Peaceful,Bottom - Middle,Omnivore,7.7,17.5,22.8,4.0,AS,-9.934375,-2.3745942,2.7581637
Emerald Eye Rasbora,/species-spotlight/emerald-eye-rasbora/,Breviboradorsiocellata,Actinopterygii,Cypriniformes,Cyprinidae,Peaceful,Middle - Top,Omnivore,6.75,7.5,24.0,3.5,AS,-7.3397565,5.9451056,0.016812963
Emperor Tetra,/species-spotlight/emperor-tetra/,Nematobryconpalmeri,Actinopterygii,Characiformes,Characidae,Peaceful,Bottom - Middle,Omnivore,6.25,6.0,24.75,4.5,SA,11.730502,-1.243163,1.0179422
Empire Gudgeon,/species-spotlight/empire-gudgeon/,Hypseleotriscompressa,Actinopterygii,Gobiiformes,Eleotridae,Peaceful,Bottom,Omnivore,7.0,13.5,27.5,12.0,OC,5.355061,-8.365659,-0.0649087
Eurasian Minnow,/species-spotlight/eurasian-minnow/,Phoxinusphoxinus,Actinopterygii,Cypriniformes,Leuciscidae,Peaceful,Bottom - Middle,Omnivore,7.25,6.0,15.85,10.0,AS,5.2808084,-7.304209,3.2524848
European Bitterling,/species-spotlight/european-bitterling/,Rhodeusamarus,Actinopterygii,Cypriniformes,Cyprinidae,Peaceful,Bottom - Middle,Omnivore,7.25,3.0,17.25,10.0,EU,-3.7487304,3.2569304,-1.766645
Exclamation Mark Tetra,/species-spotlight/exclamation-mark-tetra/,Bryconellapallidifrons,Actinopterygii,Characiformes,Characidae,Peaceful,Middle - Top,Omnivore,6.75,7.5,26.7,3.5,SA,11.319541,0.85924834,0.52304226
Exclamation Point Rasbora,/species-spotlight/exclamation-point-rasbora/,Borarasurophthalmoides,Actinopterygii,Cypriniformes,Cyprinidae,Peaceful,Middle - Top,Omnivore,6.5,10.0,26.1,2.0,AS,-6.0917253,6.8573384,0.18354133
Fairy Cichlid,/species-spotlight/fairy-cichlid/,Neolamprologusbrichardi,Actinopterygii,Cichliformes,Cichlidae,Semi-Aggressive,All Levels,Omnivore,7.5,20.0,25.0,9.0,AF,-8.119295,-2.1550426,2.3207293
Fairy Corydoras,/species-spotlight/fairy-corydoras/,Corydorasatropersonatus,Actinopterygii,Siluriformes,Callichthyidae,Peaceful,Bottom,Omnivore,7.0,15.0,22.5,5.0,SA,-12.6681385,-3.2551024,1.759158
False Armatus Corydoras,/species-spotlight/false-armatus-corydoras/,Corydorassp,Actinopterygii,Siluriformes,Callichthyidae,Peaceful,Bottom,Omnivore,6.5,8.5,23.05,7.0,SA,-11.895167,1.2485476,-1.557959
False Bandit Corydoras,/species-spotlight/false-bandit-corydoras/,Corydorasmelini,Actinopterygii,Siluriformes,Callichthyidae,Peaceful,Bottom,Omnivore,7.0,13.5,24.15,5.0,SA,-12.938341,-2.1366665,1.594769
False Network Corydoras,/species-spotlight/false-network-corydoras/,Corydorassodalis,Actinopterygii,Siluriformes,Callichthyidae,Peaceful,Bottom,Omnivore,7.0,13.5,24.2,5.0,SA,-12.637552,-2.2536874,1.8804537
False Siamese Algae Eater,/species-spotlight/false-siamese-algae-eater/,Garracambodgiensis,Actinopterygii,Cypriniformes,Cyprinidae,Peaceful,Bottom,Omnivore,6.75,9.0,23.35,15.0,AS,-4.4419646,-1.707541,-1.3799742
Fire Ant Tetra,/species-spotlight/fire-ant-tetra/,Hyphessobryconmyrmex,Actinopterygii,Characiformes,Characidae,Peaceful,Middle - Top,Omnivore,6.75,10.0,25.0,2.0,SA,9.672728,2.533862,1.8631071
Fire Bar Danio,/species-spotlight/fire-bar-danio/,Devariomaetaengensis,Actinopterygii,Cypriniformes,Cyprinidae,Peaceful,Middle - Top,Omnivore,6.5,6.5,23.05,5.0,AS,-6.876897,4.949474,-0.9228117
Fire Green Tetra,/species-spotlight/fire-green-tetra/,Aphyocharaxrathbuni,Actinopterygii,Characiformes,Characidae,Peaceful,Middle - Top,Omnivore,7.0,14.0,23.05,4.5,SA,5.7436433,2.7817438,0.6737923
Fire Rasbora,/species-spotlight/fire-rasbora/,RasboroidesVaterifloris,Actinopterygii,Cypriniformes,Cyprinidae,Peaceful,Middle - Top,Omnivore,6.25,6.0,26.65,4.0,AS,-7.3871956,6.609228,-1.4603926
Fireline Danio,/species-spotlight/fireline-danio/,Devariosondhii,Actinopterygii,Cypriniformes,Cyprinidae,Peaceful,Middle - Top,Omnivore,7.0,8.5,23.0,6.0,AS,-6.080132,3.9092102,0.26904598
Firemouth Cichlid,/species-spotlight/firemouth-cichlid/,Thorichthysmeeki,Actinopterygii,Cichliformes,Cichlidae,Semi-Aggressive,Bottom - Middle,Omnivore,7.25,11.5,26.95,15.0,NAM,-3.746161,-3.0213094,0.3039689
Flag Cichlid,/species-spotlight/flag-cichlid/,MesonautaFestivus,Actinopterygii,Cichliformes,Cichlidae,Peaceful,All Levels,Omnivore,6.5,10.0,25.0,15.0,SA,-3.0971007,-2.0431447,0.37227783
Flag Tailed Panda Corydoras,/species-spotlight/flag-tailed-panda-corydoras/,Corydorasoiapoquensis,Actinopterygii,Siluriformes,Callichthyidae,Peaceful,Bottom,Omnivore,6.5,11.0,22.5,5.0,SA,-13.177252,0.03423503,0.17845003
Flag Tetra,/species-spotlight/flag-tetra/,Hyphessobryconheterorhabdus,Actinopterygii,Characiformes,Characidae,Peaceful,Middle - Top,Omnivore,6.5,10.0,25.5,3.5,SA,8.996031,1.6319323,1.6772631
Flagtail Catfish,/species-spotlight/flagtail-catfish/,Dianemaurostriatum,Actinopterygii,Siluriformes,Callichthyidae,Peaceful,Bottom,Omnivore,7.0,12.5,25.0,13.0,SA,-6.3342977,-2.29311,-0.24867429
Flagtail Corydoras,/species-spotlight/flagtail-corydoras/,Corydorasrobineae,Actinopterygii,Siluriformes,Callichthyidae,Peaceful,Bottom,Omnivore,7.0,8.5,23.5,7.0,SA,-11.956079,1.1078652,-1.9004961
Flame Tetra,/species-spotlight/flame-tetra/,Hyphessobryconflammeus,Actinopterygii,Characiformes,Characidae,Peaceful,Middle - Top,Omnivore,6.5,9.0,25.0,4.0,SA,9.445166,0.9473465,0.97360474
Flameback Bleeding Heart Tetra,/species-spotlight/flameback-bleeding-heart-tetra/,Hyphessobryconpyrrhonotus,Actinopterygii,Characiformes,Characidae,Peaceful,Middle - Top,Omnivore,5.5,6.0,23.5,6.0,SA,10.874627,-1.7165414,-0.19469434
Flash Plecostomus,/species-spotlight/flash-plecostomus/,Panaqolusalbivermis,Actinopterygii,Siluriformes,Loricariidae,Peaceful,Bottom,Omnivore,6.75,10.0,27.2,12.0,SA,4.5891204,-2.4980655,1.1694386
Forktail Blue Eye Rainbowfish,/species-spotlight/forktail-blue-eye-rainbowfish/,Pseudomugilfurcatus,Actinopterygii,Atheriniformes,Melanotaeniidae,Peaceful,Middle,Omnivore,7.0,13.0,25.0,5.5,OC,3.2887218,6.355118,-1.3237075
Frail Gourami,/species-spotlight/frail-gourami/,Ctenopsnobilis,Actinopterygii,Anabantiformes,Osphronemidae,Aggressive,Middle - Top,Carnivore,6.25,15.0,20.0,10.0,AS,5.8116903,-8.75142,-2.2739375
Frankei Tetra,/species-spotlight/frankei-tetra/,Hyphessobryconfrankei,Actinopterygii,Characiformes,Characidae,Peaceful,Middle - Top,Omnivore,4.25,3.0,25.0,4.5,SA,12.9386425,-1.8794664,-0.29742116
Fulleri Corydoras,/species-spotlight/fulleri-corydoras/,CorydorasfulleriC115/C116,Actinopterygii,Siluriformes,Callichthyidae,Peaceful,Bottom,Omnivore,7.25,10.0,24.15,7.5,SA,-12.154554,-0.038021285,-1.9750681
Gabon Killifish,/species-spotlight/gabon-killifish/,Aphyosemiongabunense,Actinopterygii,Cyprinodontiformes,Nothobranchiidae,Peaceful,Middle - Top,Omnivore,7.0,10.0,24.15,5.0,AF,8.239198,-4.053129,-1.14237
Galaxy Plecostomus L029,/species-spotlight/galaxy-plecostomus-l029/,Leporacanthicusgalaxias,Actinopterygii,Siluriformes,Loricariidae,Peaceful,Bottom,Omnivore,6.25,5.5,24.15,25.0,SA,1.9021223,-3.9362326,-0.07474824
German Blue Ram Cichlid,/species-spotlight/german-blue-ram-cichlid/,Mikrogeophagusramirezi,Actinopterygii,Cichliformes,Cichlidae,Peaceful,Bottom - Middle,Omnivore,6.25,8.5,24.15,10.0,SA,-7.6393337,0.8841142,-0.9889524
Giant Chocolate Gourami,/species-spotlight/giant-chocolate-gourami/,Sphaerichthysacrostoma,Actinopterygii,Anabantiformes,Osphronemidae,Peaceful,Middle - Top,Omnivore,5.0,15.0,22.5,10.0,AS,5.854349,-8.55939,-2.160096
Giant Colombian Ramshorn Snail,/species-spotlight/giant-colombian-ramshorn-snail/,Marisacornuarietis,Gastropoda,Architaenioglossa,Ampullariidae,Peaceful,All Levels,Omnivore,7.75,16.0,25.55,5.0,NAM,3.3543873,5.476388,0.6696815
Giant Danio,/species-spotlight/giant-danio/,Devarioaequipinnatus,Actinopterygii,Cypriniformes,Cyprinidae,Semi-Aggressive,Middle - Top,Omnivore,7.0,12.0,24.7,10.0,AS,-6.2900515,0.08270262,1.0916841
Giant Gourami,/species-spotlight/giant-gourami/,Osphronemusgoramy,Actinopterygii,Anabantiformes,Osphronemidae,Peaceful,All Levels,Omnivore,7.25,15.0,25.0,70.0,AS,-0.0039033615,-6.756139,0.11369592
Giant Red Tail Gourami,/species-spotlight/giant-red-tail-gourami/,Osphronemuslaticlavius,Actinopterygii,Anabantiformes,Osphronemidae,Peaceful,Middle - Top,Omnivore,7.25,15.0,25.0,50.0,AS,0.5546341,-5.9515586,-0.064669736
Glass Bloodfin Tetra,/species-spotlight/glass-bloodfin-tetra/,Prionobramafiligera,Actinopterygii,Characiformes,Characidae,Peaceful,Middle - Top,Omnivore,6.75,12.5,25.0,6.0,SA,6.046809,1.6520696,0.9129519
Glass Catfish,/species-spotlight/glass-catfish/,Kryptopterusvitreolus,Actinopterygii,Siluriformes,Siluridae,Peaceful,Middle,Omnivore,7.0,6.5,25.55,15.0,AS,4.145054,-8.381898,2.8840356
Glowlight Danio,/species-spotlight/glowlight-danio/,Celestichthyschoprae,Actinopterygii,Cypriniformes,Cyprinidae,Peaceful,Middle - Top,Omnivore,7.0,6.5,20.85,5.5,AS,-4.630561,4.1506615,-0.64108646
Glowlight Rasbora,/species-spotlight/glowlight-rasbora/,Trigonostigmahengeli,Actinopterygii,Cypriniformes,Cyprinidae,Peaceful,All Levels,Omnivore,6.75,8.0,25.3,3.0,AS,-7.0179853,7.12783,0.1224099
Glowlight Tetra,/species-spotlight/glowlight-tetra/,Hemigrammuserythrozonus,Actinopterygii,Characiformes,Characidae,Peaceful,Middle,Omnivore,6.5,9.0,25.5,5.0,SA,8.62332,-0.08763244,1.0209968
Gold Barb,/species-spotlight/gold-barb/,Barbodessemifasciolatus,Actinopterygii,Cypriniformes,Cyprinidae,Peaceful,Middle - Top,Omnivore,7.0,5.5,20.85,7.5,AS,-4.46517,3.6790144,-1.2350738
Gold Laser Corydoras,/species-spotlight/gold-laser-corydoras/,CorydorasspCW010,Actinopterygii,Siluriformes,Callichthyidae,Peaceful,Bottom,Omnivore,7.0,7.5,23.9,7.0,SA,-11.839556,1.648199,-2.4586604
Gold Nebula Shrimp,/species-spotlight/gold-nebula-shrimp/,Caridinavilladolidi,Malacostraca,Decapoda,Atyidae,Peaceful,All Levels,Omnivore,7.0,4.5,24.0,5.0,AS,-6.1938157,9.777717,0.76563376
Gold Nugget Plecostomus,/species-spotlight/gold-nugget-plecostomus/,Baryancistrusxanthellus,Actinopterygii,Siluriformes,Loricariidae,Peaceful,Bottom,Omnivore,6.75,10.0,27.5,22.5,SA,2.3068514,-3.9019604,-0.23637031
Gold Ring Danio,/species-spotlight/gold-ring-danio/,Daniotinwini,Actinopterygii,Cypriniformes,Cyprinidae,Peaceful,Middle - Top,Omnivore,7.0,11.5,21.95,3.0,AS,-5.57161,4.725688,2.8312666
Gold Shoulder Rosy Tetra,/species-spotlight/gold-shoulder-rosy-tetra/,Hyphessobryconpaepkei,Actinopterygii,Characiformes,Characidae,Peaceful,Middle - Top,Omnivore,6.5,6.5,25.0,4.0,SA,11.352513,-0.44352812,0.33747435
Gold Stripe Tiger Panaque,/species-spotlight/gold-stripe-tiger-panaque/,Panaqolussp,Actinopterygii,Siluriformes,Loricariidae,Peaceful,Bottom - Middle,Omnivore,6.75,10.0,27.2,8.0,SA,5.3267817,-2.2282047,1.6433101
Gold Striped Danio,/species-spotlight/gold-striped-danio/,Devariochrysotaeniatus,Actinopterygii,Cypriniformes,Cyprinidae,Peaceful,Middle - Top,Omnivore,6.5,10.0,24.2,7.5,AS,-6.522189,2.1383812,0.73552996
Gold Tetra,/species-spotlight/gold-tetra/,Hemigrammusrodwayi,Actinopterygii,Characiformes,Characidae,Peaceful,All Levels,Omnivore,6.5,8.0,25.85,4.0,SA,10.381195,0.9336079,-0.55040866
Golden Bristlenose Plecostomus,/species-spotlight/golden-bristlenose-plecostomus/,Ancistrussp,Actinopterygii,Siluriformes,Loricariidae,Peaceful,Bottom,Omnivore,6.5,8.0,23.35,12.0,NAM,4.5198164,-3.2036626,1.0314462
Golden Dwarf Barb,/species-spotlight/golden-dwarf-barb/,Pethiagelius,Actinopterygii,Cypriniformes,Cyprinidae,Peaceful,Middle - Top,Omnivore,6.0,11.5,22.5,5.0,AS,-5.879466,3.9772434,2.4927523
Golden Malili Goby,/species-spotlight/golden-malili-goby/,Mugilogobiusrexi,Actinopterygii,Gobiiformes,Gobiidae,Peaceful,Bottom - Middle,Omnivore,7.5,5.0,26.4,5.0,AS,8.885844,-6.6520586,-1.144229
Golden Mascara Tetra,/species-spotlight/golden-mascara-tetra/,Cyphocharaxmultilineatus,Actinopterygii,Characiformes,Curimatidae,Peaceful,Middle - Top,Omnivore,6.5,14.0,24.45,10.0,SA,5.325663,-8.162339,2.188425
Golden Mbuna Cichlid,/species-spotlight/golden-mbuna-cichlid/,Melanochromisauratus,Actinopterygii,Cichliformes,Cichlidae,Aggressive,All Levels,Omnivore,8.0,17.5,25.3,13.0,AF,-7.658183,-2.1421866,2.1341896
Golden Pencilfish,/species-spotlight/golden-pencilfish/,Nannostomusbeckfordi,Actinopterygii,Characiformes,Lebiasinidae,Peaceful,All Levels,Omnivore,6.75,12.0,23.65,4.0,SA,7.412768,3.2924366,0.87739134
Golden Tetra,/species-spotlight/golden-tetra/,Hyphessobryconmoniliger,Actinopterygii,Characiformes,Characidae,Peaceful,Middle - Top,Omnivore,6.5,10.0,25.0,3.5,SA,8.991239,1.8454274,1.3191593
Golden Wonder Panchax,/species-spotlight/golden-wonder-panchax/,Aplocheiluslineatus,Actinopterygii,Cyprinodontiformes,Aplocheilidae,Peaceful,Middle - Top,Omnivore,6.75,12.5,24.15,10.0,AS,5.2876263,-8.550751,1.9190102
Golden Zebra Loach,/species-spotlight/golden-zebra-loach/,BotiaHistrionica,Actinopterygii,Cypriniformes,Cobitidae,Peaceful,Bottom,Omnivore,7.0,7.5,26.65,12.5,AS,4.457274,-8.707208,2.7043428
Graceful Rasbora,/species-spotlight/graceful-rasbora/,TrigonopomaGracile,Actinopterygii,Cypriniformes,Cyprinidae,Peaceful,Middle,Omnivore,5.5,17.5,23.5,5.5,AS,-9.74366,-2.3426428,2.7098253
Green Babaulti Shrimp,/species-spotlight/green-babaulti-shrimp/,Caridinababaulti,Malacostraca,Decapoda,Atyidae,Peaceful,All Levels,Omnivore,7.0,7.0,26.0,4.0,AS,-5.8555336,9.558738,-0.49417406
Green Jade Shrimp,/species-spotlight/green-jade-shrimp/,NeocaridinaDavidi,Malacostraca,Decapoda,Atyidae,Peaceful,All Levels,Omnivore,7.5,6.0,23.6,3.0,AS,-5.970532,9.526972,0.6235797
Green Laser Corydoras,/species-spotlight/green-laser-corydoras/,Corydorassp.(CW009),Actinopterygii,Siluriformes,Callichthyidae,Peaceful,Bottom,Omnivore,7.0,10.0,23.9,7.5,SA,-12.081881,0.024450896,-1.7891971
Green Neon Tetra,/species-spotlight/green-neon-tetra/,Paracheirodonsimulans,Actinopterygii,Characiformes,Characidae,Peaceful,Middle - Top,Omnivore,5.5,7.0,26.4,2.5,SA,11.976847,0.72054124,0.8406296
Green Phantom Plecostomus,/species-spotlight/green-phantom-plecostomus/,HemiancistrusSubviridis,Actinopterygii,Siluriformes,Loricariidae,Peaceful,Bottom,Omnivore,6.5,6.0,27.8,15.0,SA,3.7395358,-2.9764228,0.63396657
Green Spotted Pufferfish,/species-spotlight/green-spotted-pufferfish/,TetraodonNigroviridis,Actinopterygii,Tetraodontiformes,Tetraodontidae,Aggressive,Middle,Carnivore,7.85,9.5,26.7,15.0,AS,5.2242074,-7.7189765,-0.5173498
Green Tiger Loach,/species-spotlight/green-tiger-loach/,SyncrossusHymenophysa,Actinopterygii,Cypriniformes,Botiidae,Semi-Aggressive,Bottom,Omnivore,6.75,9.0,27.5,25.0,AS,1.7883703,-3.9069147,-0.36698338
Guapore Corydoras,/species-spotlight/guapore-corydoras/,CorydorasGuapore,Actinopterygii,Siluriformes,Callichthyidae,Peaceful,Bottom - Middle,Omnivore,6.0,13.5,24.5,4.5,SA,-12.705007,-1.4747531,2.4947774
Harlequin Rasbora,/species-spotlight/harlequin-rasbora/,Trigonostigmaheteromorpha,Actinopterygii,Cypriniformes,Cyprinidae,Peaceful,Middle - Top,Omnivore,6.25,8.5,24.45,5.0,AS,-6.6919117,4.861947,0.22043505
Head and Taillight Tetra,/species-spotlight/head-and-taillight-tetra/,Hemigrammusocellifer,Actinopterygii,Characiformes,Characidae,Peaceful,Middle - Top,Omnivore,6.5,12.5,25.85,5.0,SA,6.32829,1.866482,1.5839857
Hikari Corydoras,/species-spotlight/hikari-corydoras/,Corydorassp(CW160),Actinopterygii,Siluriformes,Callichthyidae,Peaceful,Bottom,Omnivore,6.75,12.5,24.0,6.0,SA,-12.424467,-1.4605919,0.7761406
Hikari Danio,/species-spotlight/hikari-danio/,Daniosp.Hikari,Actinopterygii,Cypriniformes,Cyprinidae,Peaceful,Middle,Omnivore,7.0,10.0,21.95,5.0,AS,-5.807898,4.187503,1.9270155
Hillstream Loach,/species-spotlight/hillstream-loach/,Beaufortiakweichowensis,Actinopterygii,Cypriniformes,Balitoridae,Peaceful,Bottom,Omnivore,7.25,6.5,21.95,8.0,AS,6.721286,-4.207379,0.9459528
Hockeystick Pencilfish,/species-spotlight/hockeystick-pencilfish/,Nannostomuseques,Actinopterygii,Characiformes,Lebiasinidae,Peaceful,Middle - Top,Omnivore,6.0,6.5,25.3,5.0,SA,12.801364,0.91308606,-2.088259
Honey Blue Eye Rainbowfish,/species-spotlight/honey-blue-eye-rainbowfish/,PseudomugilMellis,Actinopterygii,Atheriniformes,Melanotaeniidae,Peaceful,Middle - Top,Omnivore,6.0,8.5,25.0,3.5,OC,3.7961538,7.7905254,-2.0822
Honey Gourami,/species-spotlight/honey-gourami/,Trichogasterchuna,Actinopterygii,Anabantiformes,Osphronemidae,Peaceful,Middle - Top,Omnivore,6.75,7.0,25.0,7.0,AS,7.9003363,-7.593989,-1.1336284
Horseface Loach,/species-spotlight/horseface-loach/,Acantopsisdialuzona,Actinopterygii,Cypriniformes,Cobitidae,Peaceful,Bottom - Middle,Omnivore,7.0,6.0,19.75,25.0,AS,2.8949177,-7.536047,1.6922488
Horsemans Corydoras,/species-spotlight/horsemans-corydoras/,CorydorasEques,Actinopterygii,Siluriformes,Callichthyidae,Peaceful,Bottom,Omnivore,7.0,8.5,24.15,5.0,SA,-13.172254,1.7116084,-1.8291584
Hovering Zebra Loach,/species-spotlight/hovering-zebra-loach/,Yunnaniluscruciatus,Actinopterygii,Cypriniformes,Nemacheilidae,Peaceful,Bottom - Middle,Omnivore,6.75,7.0,26.0,3.5,AS,5.3227205,-9.405985,2.9411144
Hummingbird Tetra,/species-spotlight/hummingbird-tetra/,Trochilocharaxornatus,Actinopterygii,Characiformes,Characidae,Peaceful,Middle - Top,Omnivore,5.5,10.0,23.9,2.0,SA,9.645277,2.892837,1.274011
Imitator Corydoras,/species-spotlight/imitator-corydoras/,CorydorasImitator,Actinopterygii,Siluriformes,Callichthyidae,Peaceful,Bottom,Omnivore,5.5,12.5,22.8,6.5,SA,-12.570774,-1.3854824,0.090379685
Imperial Tetra,/species-spotlight/imperial-tetra/,Hyphessobryconnigricinctus,Actinopterygii,Characiformes,Characidae,Peaceful,Middle - Top,Omnivore,7.0,10.0,23.5,6.0,SA,7.410581,0.7698503,-0.2622991
Indian Glass Fish,/species-spotlight/indian-glass-fish/,Parambassisranga,Actinopterygii,Perciformes,Ambassidae,Peaceful,Bottom - Middle,Omnivore,7.0,14.0,25.0,8.0,AS,6.119948,-10.151847,0.9026964
Indian Hifin Barb,/species-spotlight/indian-hifin-barb/,Oreichthyscosuatis,Actinopterygii,Cypriniformes,Cyprinidae,Peaceful,Bottom - Middle,Omnivore,7.0,10.0,25.85,4.5,AS,-5.4190936,5.79036,0.57842946
Infernal Tetra,/species-spotlight/infernal-tetra/,"Hemigrammus/Hyphessobrycon""Infernalis""",Actinopterygii,Characiformes,Characidae,Semi-Aggressive,Middle - Top,Omnivore,6.5,10.0,25.0,6.0,SA,7.4344144,0.382373,0.48618928
Ivantsoffs Blue Eye Rainbowfish,/species-spotlight/ivantsoffs-blue-eye-rainbowfish/,Pseudomugilivantsoffi,Actinopterygii,Atheriniformes,Melanotaeniidae,Peaceful,Middle,Omnivore,7.0,10.0,26.65,3.5,AS,4.064014,7.3324084,-1.7262274
Jae Barb,/species-spotlight/jae-barb/,EnteromiusJae,Actinopterygii,Cypriniformes,Cyprinidae,Peaceful,Bottom - Middle,Omnivore,6.5,3.0,23.05,4.0,AF,-9.21584,5.363368,-2.11462
Jellybean Tetra,/species-spotlight/jellybean-tetra/,Ladigesiaroloffi,Actinopterygii,Characiformes,Alestidae,Peaceful,Middle - Top,Omnivore,6.5,6.5,24.0,3.0,AF,-8.420851,6.0579414,-0.27475765
Jewel Cichlid,/species-spotlight/jewel-cichlid/,Hemichromisbimaculatus,Actinopterygii,Cichliformes,Cichlidae,Semi-Aggressive,Bottom - Middle,Omnivore,7.0,11.0,25.0,15.0,AF,-4.175613,-2.6552863,-0.38293526
Kamaka Rainbowfish,/species-spotlight/kamaka-rainbowfish/,MelanotaeniaKamaka,Actinopterygii,Atheriniformes,Melanotaeniidae,Peaceful,Middle,Omnivore,7.75,12.5,25.0,7.0,AS,3.002836,6.1769204,-1.5664666
Kansu Loach,/species-spotlight/kansu-loach/,Sinibotiarobusta,Actinopterygii,Cypriniformes,Cobitidae,Peaceful,Bottom - Middle,Omnivore,7.5,15.0,21.5,18.0,AS,4.159833,-7.7875166,2.0526774
Kitty Tetra,/species-spotlight/kitty-tetra/,Hyphessobryconloweae,Actinopterygii,Characiformes,Characidae,Peaceful,Middle - Top,Omnivore,6.5,8.0,25.85,4.0,SA,10.545387,0.6777339,0.5947427
Kogal Blue Eyed Tetra,/species-spotlight/kogal-blue-eyed-tetra/,Moenkhausiasp,Actinopterygii,Characiformes,Characidae,Peaceful,Middle,Omnivore,6.5,8.5,25.0,6.0,SA,8.37829,-0.66374,0.3647115
Kribensis Cichlid,/species-spotlight/kribensis-cichlid/,PelvicachromisPulcher,Actinopterygii,Cichliformes,Cichlidae,Peaceful,Bottom - Middle,Omnivore,7.0,12.5,25.0,10.0,AF,-6.977876,-0.36825356,0.87663543
Kuhli Loach,/species-spotlight/kuhli-loach/,Pangiokuhlii,Actinopterygii,Cypriniformes,Cobitidae,Peaceful,Bottom,Omnivore,6.5,10.0,26.65,11.0,AS,4.7637267,-8.727004,2.442011
Lake Inle Danio,/species-spotlight/lake-inle-danio/,Devarioauropurpureus,Actinopterygii,Cypriniformes,Cyprinidae,Peaceful,Middle - Top,Omnivore,7.0,17.5,21.5,8.0,AS,-9.250888,-2.2705822,2.6333203
Lake Kutubu Rainbowfish,/species-spotlight/lake-kutubu-rainbowfish/,Melanotaenialacustris,Actinopterygii,Atheriniformes,Melanotaeniidae,Peaceful,Middle,Omnivore,7.75,16.5,23.6,12.5,OC,2.0140269,4.5054607,-1.7594362
Lake Tebera Rainbowfish,/species-spotlight/lake-tebera-rainbowfish/,Melanotaeniaherbertaxelrodi,Actinopterygii,Atheriniformes,Melanotaeniidae,Peaceful,Middle - Top,Omnivore,7.75,12.5,23.05,10.0,OC,2.4036512,5.581378,-1.9215932
Lambchop Rasbora,/species-spotlight/lambchop-rasbora/,Trigonostigmaespei,Actinopterygii,Cypriniformes,Cyprinidae,Peaceful,All Levels,Omnivore,7.0,8.0,24.75,3.0,AS,-7.0800033,7.0490394,0.27441147
Laos Danio,/species-spotlight/laos-danio/,DevarioLaoensis,Actinopterygii,Cypriniformes,Cyprinidae,Peaceful,Middle - Top,Omnivore,6.75,8.5,24.0,6.5,AS,-6.489633,3.5195956,0.014711112
Lemon Cichlid,/species-spotlight/lemon-cichlid/,Neolamprologusleleupi,Actinopterygii,Cichliformes,Cichlidae,Semi-Aggressive,All Levels,Omnivore,8.25,16.5,25.0,10.0,AF,-7.86286,-2.0762308,2.209937
Lemon Tetra,/species-spotlight/lemon-tetra/,Hyphessobryconpulchripinnis,Actinopterygii,Characiformes,Characidae,Peaceful,Middle - Top,Omnivore,6.75,5.5,23.9,5.0,SA,11.311473,-1.6034026,0.054756902
Leopard Bush Fish,/species-spotlight/leopard-bush-fish/,Ctenopomaacutirostre,Actinopterygii,Anabantiformes,Anabantidae,Semi-Aggressive,Middle - Top,Carnivore,6.5,10.0,22.8,15.0,AF,5.355294,-7.3602643,-1.0526887
Leopard Corydoras,/species-spotlight/leopard-corydoras/,CorydorasTrilineatus,Actinopterygii,Siluriformes,Callichthyidae,Peaceful,Bottom,Omnivore,6.5,13.5,24.15,5.5,SA,-12.259325,-1.5945603,1.5249456
Leopard Danio,/species-spotlight/leopard-danio/,DanioRerio,Actinopterygii,Cypriniformes,Cyprinidae,Peaceful,Middle,Omnivore,7.0,11.0,22.5,6.0,AS,-6.0223565,3.522386,2.1411176
Leopard Frog Plecostomus,/species-spotlight/leopard-frog-plecostomus/,Peckoltiacompta,Actinopterygii,Siluriformes,Loricariidae,Peaceful,Bottom,Omnivore,6.75,8.5,27.0,10.0,SA,5.0266204,-2.4433856,1.3436221
Leopard Sailfin Plecostomus,/species-spotlight/leopard-sailfin-plecostomus/,Pterygoplichthysgibbiceps,Actinopterygii,Siluriformes,Loricariidae,Peaceful,Bottom,Omnivore,7.25,11.0,26.4,50.0,SA,0.52487075,-5.7131333,-0.13312803
Licorice Gourami,/species-spotlight/licorice-gourami/,Parosphromenusdeissneri,Actinopterygii,Anabantiformes,Osphronemidae,Peaceful,Bottom - Middle,Omnivore,5.0,6.0,24.75,4.0,AS,8.714913,-7.412666,-1.2169017
Lined Barb,/species-spotlight/lined-barb/,Striuntiuslineatus,Actinopterygii,Cypriniformes,Cyprinidae,Peaceful,Bottom - Middle,Omnivore,5.5,10.0,23.05,6.0,AS,-6.3873954,3.5252235,1.6328661
Lipstick Barb,/species-spotlight/lipstick-barb/,Pethiaerythromycter,Actinopterygii,Cypriniformes,Cyprinidae,Peaceful,Middle,Omnivore,7.0,10.0,22.5,4.0,AS,-6.0758953,4.714007,2.019545
Lipstick Tetra,/species-spotlight/lipstick-tetra/,Moenkhausiacosmops,Actinopterygii,Characiformes,Characidae,Peaceful,Middle - Top,Omnivore,6.75,8.5,24.5,6.0,SA,8.667419,-0.31490108,-0.028681051
Long Finned Tetra,/species-spotlight/long-finned-tetra/,Brycinuslongipinnis,Actinopterygii,Characiformes,Alestidae,Peaceful,Middle - Top,Omnivore,6.75,12.0,24.15,12.5,AF,-5.481994,-1.5783352,0.30172107
Loreto Tetra,/species-spotlight/loreto-tetra/,Hyphessobryconloretoensis,Actinopterygii,Characiformes,Characidae,Peaceful,Middle - Top,Omnivore,6.0,9.0,24.75,3.0,SA,10.025578,1.6467985,1.3773206
Lyretail Killifish,/species-spotlight/lyretail-killifish/,Aphyosemionaustrale,Actinopterygii,Cyprinodontiformes,Nothobranchiidae,Peaceful,Middle - Top,Omnivore,6.25,7.5,26.15,6.0,AF,8.485669,-3.5453296,-0.5947342
Macmasters Apistogramma,/species-spotlight/macmasters-apistogramma/,Apistogrammamacmasteri,Actinopterygii,Cichliformes,Cichlidae,Peaceful,Bottom - Middle,Omnivore,6.25,4.5,25.85,7.0,SA,-8.1571665,2.488986,-3.1742983
Mahecola Barb,/species-spotlight/mahecola-barb/,Puntiusmahecola,Actinopterygii,Cypriniformes,Cyprinidae,Peaceful,Bottom - Middle,Omnivore,6.75,8.5,20.85,7.5,AS,-4.2361197,2.7049682,0.2917283
Malabar Danio,/species-spotlight/malabar-danio/,Devariomalabaricus,Actinopterygii,Cypriniformes,Cyprinidae,Peaceful,Bottom - Middle,Omnivore,7.0,10.0,21.7,10.0,AS,-4.469655,1.2999914,0.48563284
Mamou Killifish,/species-spotlight/mamou-killifish/,Scriptaphyosemionguignardimamou,Actinopterygii,Cyprinodontiformes,Nothobranchiidae,Peaceful,Middle - Top,Omnivore,6.0,8.5,23.35,5.5,AF,8.4174,-4.101251,-0.73663306
Marble Sturisoma Whiptail Catfish,/species-spotlight/marble-sturisoma-whiptail-catfish/,Sturisomaaureum,Actinopterygii,Siluriformes,Loricariidae,Peaceful,Bottom - Middle,Omnivore,6.75,12.5,23.05,20.0,SA,2.7848365,-3.915776,-0.3530578
Marbled Hatchetfish,/species-spotlight/marbled-hatchetfish/,Carnegiellastrigata,Actinopterygii,Characiformes,Gasteropelecidae,Peaceful,Top,Omnivore,6.0,11.0,25.85,3.5,SA,6.9502163,-5.1756334,2.5194256
Marbled Limpet Nerite Snail,/species-spotlight/marbled-limpet-nerite-snail/,Septariaporcellana,Gastropoda,Cycloneritida,Neritidae,Peaceful,All Levels,Herbivore,7.5,7.0,25.5,3.0,AS,5.8785095,-10.884327,0.94670063
Marliers Julie,/species-spotlight/marliers-julie/,Julidochromismarlieri,Actinopterygii,Cichliformes,Cichlidae,Semi-Aggressive,Bottom - Middle,Omnivore,8.0,11.5,24.45,15.0,AF,-4.292958,-2.7662175,-0.39406112
Mascara Barb,/species-spotlight/mascara-barb/,DawkinsiaAssimilis,Actinopterygii,Cypriniformes,Cyprinidae,Peaceful,Middle - Top,Omnivore,7.0,10.0,22.5,9.0,AS,-5.148425,1.475712,0.68055826
Mbu Pufferfish,/species-spotlight/mbu-pufferfish/,Tetraodonmbu,Actinopterygii,Tetraodontiformes,Tetraodontidae,Aggressive,Bottom - Middle,Molluscivore,7.5,17.5,25.0,75.0,AF,-0.040565364,-6.920855,0.15998158
Meghalaya Danio,/species-spotlight/meghalaya-danio/,DanioMeghalayensis,Actinopterygii,Cypriniformes,Cyprinidae,Peaceful,Middle - Top,Omnivore,7.0,9.5,21.95,10.0,AS,-4.7380204,1.2915506,0.43780485
Melanzona Guppy,/species-spotlight/melanzona-guppy/,Poeciliaparae,Actinopterygii,Cyprinodontiformes,Poeciliidae,Peaceful,Middle - Top,Omnivore,7.5,14.0,25.85,5.0,SA,5.001582,4.5723147,0.33374462
Melon Barb,/species-spotlight/melon-barb/,Haludariafasciata,Actinopterygii,Cypriniformes,Cyprinidae,Peaceful,Bottom - Middle,Omnivore,6.5,5.0,24.15,6.0,AS,-7.14254,4.2697654,-2.0913749
Merry Widow Livebearer,/species-spotlight/merry-widow-livebearer/,Phallichthysamates,Actinopterygii,Cyprinodontiformes,Poeciliidae,Peaceful,All Levels,Omnivore,7.0,12.5,25.3,7.0,NAM,5.2907887,4.421956,0.045289032
Mexican Tetra,/species-spotlight/mexican-tetra/,Astyanaxmexicanus,Actinopterygii,Characiformes,Characidae,Peaceful,Middle,Omnivore,7.25,17.5,22.5,12.0,NAM,3.800713,1.3114408,0.06254813
Mollies,/species-spotlight/mollies/,PoeciliaSphenops,Actinopterygii,Cyprinodontiformes,Poeciliidae,Peaceful,All Levels,Omnivore,7.5,22.5,23.9,12.0,SA,2.942987,2.7997198,-0.2199627
Montags Tetra,/species-spotlight/montags-tetra/,Hyphessbryconmontagi,Actinopterygii,Characiformes,Characidae,Peaceful,Middle - Top,Omnivore,6.0,9.0,25.3,3.0,SA,10.052089,1.5938499,1.4213593
Moonlight Gourami,/species-spotlight/moonlight-gourami/,Trichopodusmicrolepis,Actinopterygii,Anabantiformes,Osphronemidae,Peaceful,Middle - Top,Omnivore,6.75,13.5,27.5,15.0,AS,4.9675446,-7.624438,-1.7524683
Mottled Ctenopoma,/species-spotlight/mottled-ctenopoma/,Ctenopomaweeksii,Actinopterygii,Anabantiformes,Anabantidae,Peaceful,Bottom - Middle,Carnivore,6.75,9.5,25.85,12.0,AF,5.982988,-7.6371546,-0.958132
Mountain Crystal Tetra,/species-spotlight/mountain-crystal-tetra/,Protocheirodonpi,Actinopterygii,Characiformes,Characidae,Peaceful,Middle,Omnivore,6.75,12.5,25.5,4.0,SA,6.567321,2.3391094,1.8288057
Narayan Barb,/species-spotlight/narayan-barb/,"Pethiasetnai,Pethianarayani",Actinopterygii,Cypriniformes,Cyprinidae,Peaceful,Middle,Omnivore,6.75,7.0,23.0,7.0,AS,-5.7989473,3.491815,-1.1238813
Nego Dagua Tetra,/species-spotlight/nego-dagua-tetra/,Hyphessobryconnegodagua,Actinopterygii,Characiformes,Characidae,Peaceful,Bottom - Middle,Omnivore,6.25,6.5,25.85,3.0,SA,12.156654,-0.28559098,1.2969017
Neon Blue Rasbora,/species-spotlight/neon-blue-rasbora/,Sundadanioaxelrodi,Actinopterygii,Cypriniformes,Cyprinidae,Peaceful,Middle - Top,Omnivore,5.25,3.5,24.45,3.0,AS,-8.765813,6.3780446,-1.8141313
Neon Green Rasbora,/species-spotlight/neon-green-rasbora/,Microdevariokubotai,Actinopterygii,Cypriniformes,Cyprinidae,Peaceful,Middle - Top,Omnivore,6.5,6.0,24.5,2.0,AS,-8.242148,6.773581,-0.6597235
Neon Tetra,/species-spotlight/neon-tetra/,Paracheirodoninnesi,Actinopterygii,Characiformes,Characidae,Peaceful,Middle,Omnivore,6.25,6.0,23.35,4.0,SA,11.375322,-1.5610245,0.7564912
Nijssens Corydoras,/species-spotlight/nijssens-corydoras/,Corydorasnijsseni,Actinopterygii,Siluriformes,Callichthyidae,Peaceful,Bottom - Middle,Omnivore,6.0,6.0,23.6,5.0,SA,-11.8149185,3.1303961,-2.1879208
Ninja Shrimp,/species-spotlight/ninja-shrimp/,Caridinaserratirostris,Malacostraca,Decapoda,Atyidae,Peaceful,All Levels,Omnivore,7.25,8.0,25.5,2.5,OC,-5.6211586,9.308942,-0.60175455
Normans Lampeye Killifish,/species-spotlight/normans-lampeye-killifish/,Poropanchaxnormani,Actinopterygii,Cyprinodontiformes,Poeciliidae,Peaceful,Middle - Top,Omnivore,7.0,10.0,24.15,4.0,AF,6.0902653,5.994539,-0.7939597
Odessa Barb,/species-spotlight/odessa-barb/,PethiaPadamya,Actinopterygii,Cypriniformes,Cyprinidae,Peaceful,Middle,Omnivore,6.75,6.0,25.0,8.0,AS,-6.3138094,2.6117,-1.9070846
Opaline Gourami,/species-spotlight/opaline-gourami/,Trichopodustrichopterus,Actinopterygii,Anabantiformes,Osphronemidae,Peaceful,Middle,Omnivore,7.0,20.0,25.85,15.0,AS,4.57595,-7.8079243,-2.4336073
Orange Finned Danio,/species-spotlight/orange-finned-danio/,Daniokyathit,Actinopterygii,Cypriniformes,Cyprinidae,Peaceful,Top,Omnivore,7.0,9.5,20.85,5.0,AS,-4.783768,4.1626625,1.6153971
Orange Rili Shrimp,/species-spotlight/orange-rili-shrimp/,NeocaridinaHeteropodaVa,Malacostraca,Decapoda,Atyidae,Peaceful,Bottom - Middle,Omnivore,7.3,11.0,21.1,2.5,AS,-5.157348,6.097191,2.9293163
Ornate Ctenopoma,/species-spotlight/ornate-ctenopoma/,Microctenopomaansorgii,Actinopterygii,Anabantiformes,Anabantidae,Peaceful,Bottom - Middle,Carnivore,6.5,12.5,23.35,8.0,AF,6.458978,-8.7169075,-1.3405807
Ornate Rainbowfish,/species-spotlight/ornate-rainbowfish/,Rhadinocentrusornatus,Actinopterygii,Atheriniformes,Melanotaeniidae,Peaceful,Middle,Omnivore,6.5,15.0,23.9,8.0,OC,2.7024076,5.5195646,-1.4006381
Ornate Tetra,/species-spotlight/ornate-tetra/,Hyphessobryconbentosi,Actinopterygii,Characiformes,Characidae,Peaceful,All Levels,Omnivore,7.25,7.5,25.3,5.0,SA,10.252353,0.6103678,-0.7671855
Pacific Blue Eye Rainbowfish,/species-spotlight/pacific-blue-eye-rainbowfish/,Pseudomugilsignifer,Actinopterygii,Atheriniformes,Melanotaeniidae,Peaceful,Middle - Top,Omnivore,7.0,10.0,24.5,7.0,OC,3.0184033,6.802271,-2.0801747
Palespotted Corydoras,/species-spotlight/palespotted-corydoras/,Corydorasgossei,Actinopterygii,Siluriformes,Callichthyidae,Peaceful,Bottom,Omnivore,6.25,7.0,24.15,6.0,SA,-12.248508,2.3212383,-2.4601274
Panda Corydoras,/species-spotlight/panda-corydoras/,CorydorasPanda,Actinopterygii,Siluriformes,Callichthyidae,Peaceful,Bottom,Omnivore,7.0,11.0,22.5,5.0,SA,-13.2068815,0.078556,0.18558536
Panda Garra,/species-spotlight/panda-garra/,GarraFlavatra,Actinopterygii,Cypriniformes,Cyprinidae,Peaceful,Bottom - Middle,Omnivore,6.75,7.0,24.45,9.0,AS,-6.238906,2.2128136,-1.7341282
Panda Loach,/species-spotlight/panda-loach/,Yaoshaniapachychilus,Actinopterygii,Cypriniformes,Gastromyzontidae,Peaceful,Bottom - Middle,Omnivore,7.0,15.0,21.95,6.0,AS,5.6512504,-9.103848,2.2872813
Pantanalensis Corydoras,/species-spotlight/pantanalensis-corydoras/,Corydoraspantanalensis,Actinopterygii,Siluriformes,Callichthyidae,Peaceful,Bottom - Middle,Omnivore,6.75,6.0,26.5,8.0,SA,-11.316346,1.9408674,-3.3629515
Panther Danio,/species-spotlight/panther-danio/,Brachydanioaesculapii,Actinopterygii,Cypriniformes,Cyprinidae,Peaceful,Top,Omnivore,7.5,6.5,24.15,4.5,AS,-7.1823907,5.649075,-0.8950451
Paradise Fish,/species-spotlight/paradise-fish/,MacropodusOpercularis,Actinopterygii,Anabantiformes,Osphronemidae,Semi-Aggressive,Middle - Top,Omnivore,7.0,15.5,23.9,7.0,AS,6.3795896,-8.944178,-2.1327832
Parkinsons Rainbowfish,/species-spotlight/parkinsons-rainbowfish/,Melanotaeniaparkinsoni,Actinopterygii,Atheriniformes,Melanotaeniidae,Peaceful,Middle,Omnivore,7.5,16.5,23.6,15.0,OC,1.8174473,4.289067,-1.881893
Peacock Gudgeon,/species-spotlight/peacock-gudgeon/,TateurndinaOcellicauda,Actinopterygii,Gobiiformes,Eleotridae,Peaceful,Bottom - Middle,Omnivore,6.9,8.5,24.15,7.5,OC,6.6366735,-8.826543,0.1052558
Pearl Danio,/species-spotlight/pearl-danio/,Danioalbolineatus,Actinopterygii,Cypriniformes,Cyprinidae,Peaceful,Middle - Top,Omnivore,7.0,12.0,20.0,6.5,AS,-4.4921927,2.986843,2.4480317
Pearl Gourami,/species-spotlight/pearl-gourami/,TrichopodusLeerii,Actinopterygii,Anabantiformes,Osphronemidae,Peaceful,Middle - Top,Omnivore,6.75,15.0,25.0,12.0,AS,5.4315658,-8.102435,-2.0275881
Penguin Tetra,/species-spotlight/penguin-tetra/,Thayeriaboehlkei,Actinopterygii,Characiformes,Characidae,Peaceful,Middle - Top,Omnivore,7.0,11.0,25.0,6.0,SA,6.823638,1.0301182,0.6481809
Pentazona Barb,/species-spotlight/pentazona-barb/,DesmopuntiusPentazona,Actinopterygii,Cypriniformes,Cyprinidae,Peaceful,Middle - Top,Omnivore,5.5,8.5,26.1,8.5,AS,-6.405512,1.6741196,-0.9292312
Peppered Corydoras,/species-spotlight/peppered-corydoras/,CorydorasPaleatus,Actinopterygii,Siluriformes,Callichthyidae,Peaceful,Bottom - Middle,Omnivore,6.75,10.0,21.95,6.0,SA,-12.697112,0.7273532,-0.21027167
Phoenix Rasbora,/species-spotlight/phoenix-rasbora/,BorarasMerah,Actinopterygii,Cypriniformes,Cyprinidae,Peaceful,Middle - Top,Omnivore,5.5,7.5,23.5,2.0,AS,-8.141879,6.615271,0.32453012
Phoenix Tetra,/species-spotlight/phoenix-tetra/,Hemigrammusfilamentosus,Actinopterygii,Characiformes,Characidae,Peaceful,Middle,Omnivore,7.0,8.5,24.75,4.0,SA,9.703823,0.25292906,1.3064306
Picta Swamp Guppy,/species-spotlight/picta-swamp-guppy/,Micropoeciliapicta,Actinopterygii,Cyprinodontiformes,Poeciliidae,Peaceful,Middle - Top,Omnivore,8.0,15.0,26.95,3.0,SA,4.883153,4.6390877,0.50724876
Pictus Catfish,/species-spotlight/pictus-catfish/,Pimeloduspictus,Actinopterygii,Siluriformes,Pimelodidae,Peaceful,Bottom,Omnivore,6.75,10.0,24.15,12.0,SA,4.316541,-9.14407,2.2978497
Pink Kissing Gourami,/species-spotlight/pink-kissing-gourami/,Helostomatemmincki,Actinopterygii,Anabantiformes,Helostomatidae,Semi-Aggressive,Middle - Top,Omnivore,7.0,12.5,25.0,30.0,AS,2.429333,-8.232373,1.3508327
Pink Lemon Tetra,/species-spotlight/pink-lemon-tetra/,Hyphessobryconitaparicensis,Actinopterygii,Characiformes,Characidae,Peaceful,Middle - Top,Omnivore,6.75,10.0,25.0,4.0,SA,8.643865,1.5018058,1.1767846
Pink Tail Chalceus,/species-spotlight/pink-tail-chalceus/,Chalceusmacrolepidotus,Actinopterygii,Characiformes,Characidae,Semi-Aggressive,Middle - Top,Carnivore,6.75,12.5,25.3,30.0,SA,0.9773741,-4.1556683,-0.4357694
Platies,/species-spotlight/platies/,"Xiphophorusandersi,Xiphophoruscouchianus,Xiphophorusevelynae,Xiphophorusgordoni,Xiphophoruskosszanderi,Xiphophorusmaculatus,Xiphophorusmeyeri,Xiphophorusmilleri,Xiphophorusroseni,Xiphophorusvariatus,Xiphophorusnephridium",Actinopterygii,Cyprinodontiformes,Poeciliidae,Peaceful,Middle - Top,Omnivore,7.5,17.5,21.65,7.5,NAM,3.7917185,2.8080435,-0.15563308
Platinum Alligator Gar,/species-spotlight/platinum-alligator-gar/,Atractosteusspatula,Actinopterygii,Lepisosteiformes,Lepisosteidae,Aggressive,Middle - Top,Carnivore,7.0,4.0,23.35,10.0,NAM,5.2422504,-11.16639,1.2830498
Platinum Medaka Ricefish,/species-spotlight/platinum-medaka-ricefish/,OryziaslatipesvarPlatinum,Actinopterygii,Beloniformes,Adrianichthyidae,Peaceful,Middle - Top,Omnivore,7.5,12.0,22.5,4.0,AS,7.10363,-9.430445,-0.90233284
Polka Dot Loach,/species-spotlight/polka-dot-loach/,BotiaKubotai,Actinopterygii,Cypriniformes,Botiidae,Semi-Aggressive,Bottom - Middle,Omnivore,6.7,5.5,25.85,12.0,AS,4.8055186,-2.8068902,-0.13734908
Polystictus Corydoras,/species-spotlight/polystictus-corydoras/,Corydoraspolystictus,Actinopterygii,Siluriformes,Callichthyidae,Peaceful,Bottom,Omnivore,7.0,15.0,25.0,3.0,SA,-13.209004,-2.669265,2.9070833
Pond Snail,/species-spotlight/pond-snail/,Lymnaeastagnalis,Gastropoda,Hygrophila,Lymnaeidae,Peaceful,All Levels,Omnivore,7.5,6.0,16.1,7.0,EU,5.3980565,-11.294795,1.3006383
Popondetta Blue Eye Rainbowfish,/species-spotlight/popondetta-blue-eye-rainbowfish/,Pseudomugilconnieae,Actinopterygii,Atheriniformes,Melanotaeniidae,Peaceful,Middle,Omnivore,7.0,10.0,25.85,5.0,OC,3.589955,7.1299763,-1.8963288
Porthole Rasbora,/species-spotlight/porthole-rasbora/,Rasboracephalotaenia,Actinopterygii,Cypriniformes,Cyprinidae,Peaceful,Middle - Top,Omnivore,6.25,6.5,23.5,13.0,AS,-4.3276806,-0.043999895,-1.6385897
Pretty Tetra,/species-spotlight/pretty-tetra/,Hemigrammuspulcher,Actinopterygii,Characiformes,Characidae,Peaceful,Middle - Top,Omnivore,6.25,6.5,24.5,4.5,SA,11.113949,-0.8807781,0.24809617
Pulcher Corydoras,/species-spotlight/pulcher-corydoras/,Corydoraspulcher,Actinopterygii,Siluriformes,Callichthyidae,Peaceful,Bottom,Omnivore,6.75,13.5,24.4,7.0,SA,-11.534301,-2.130561,0.7535714
Purple Pencilfish,/species-spotlight/purple-pencilfish/,Nannostomusrubrocaudatus,Actinopterygii,Characiformes,Lebiasinidae,Peaceful,Middle - Top,Omnivore,5.5,7.0,25.85,4.0,SA,13.089898,1.0399783,-1.8294946
Pygmy Corydoras,/species-spotlight/pygmy-corydoras/,CorydorasPygmaeus,Actinopterygii,Siluriformes,Callichthyidae,Peaceful,Bottom,Omnivore,7.0,13.5,24.15,3.0,SA,-13.734142,-2.1619742,2.457331
Queen Arabesque Plecostomus L260,/species-spotlight/queen-arabesque-plecostomus-l260/,Hypancistrussp,Actinopterygii,Siluriformes,Loricariidae,Peaceful,Bottom,Omnivore,6.5,8.5,26.95,9.0,SA,5.1784415,-2.3704946,1.4611685
Raccoon Tetra,/species-spotlight/raccoon-tetra/,Hyphessobryconprocyon,Actinopterygii,Characiformes,Characidae,Peaceful,Middle - Top,Omnivore,6.25,10.0,25.85,5.0,SA,7.954901,0.8242805,1.199726
Rainbow Cichlid,/species-spotlight/rainbow-cichlid/,Herotilapiamultispinosa,Actinopterygii,Cichliformes,Cichlidae,Semi-Aggressive,All Levels,Omnivore,7.5,12.5,25.0,17.0,NAM,-3.0537932,-2.6087112,0.3099137
Rainbow Copella Tetra,/species-spotlight/rainbow-copella-tetra/,Copellavilmae,Actinopterygii,Characiformes,Lebiasinidae,Peaceful,Middle - Top,Omnivore,6.0,7.5,23.9,4.5,SA,12.6476345,1.1610645,-2.2464988
Rainbow Shark,/species-spotlight/rainbow-shark/,EpalzeorhynchosFrenatum,Actinopterygii,Cypriniformes,Cyprinidae,Semi-Aggressive,Bottom - Middle,Omnivore,7.0,13.0,24.45,15.0,AS,-4.929827,-2.789953,-0.19977121
Rainbow Shiner,/species-spotlight/rainbow-shiner/,Notropischrosomus,Actinopterygii,Cypriniformes,Leuciscidae,Peaceful,Middle - Top,Omnivore,7.25,17.5,16.95,8.0,NAM,5.785294,-7.267093,2.6408534
Rainbow Tetra,/species-spotlight/rainbow-tetra/,Nematobryconlacortei,Actinopterygii,Characiformes,Characidae,Peaceful,Middle,Omnivore,6.0,6.5,24.45,4.0,SA,11.43533,-0.9526475,0.81921273
Ramshorn Snail,/species-spotlight/ramshorn-snail/,Planorbelladuryi,Gastropoda,Hygrophila,Planorbidae,Peaceful,All Levels,Herbivore,7.5,11.0,23.35,2.5,NAM,5.8242726,-11.018192,1.3038129
Red Banded Leporinus,/species-spotlight/red-banded-leporinus/,Synaptolaemuslatofasciatus,Actinopterygii,Characiformes,Anostomidae,Peaceful,Bottom - Middle,Omnivore,6.5,8.5,26.1,12.0,SA,5.4892926,-1.0560354,-1.0797015
Red Base Tetra,/species-spotlight/red-base-tetra/,Hemigrammusstictus,Actinopterygii,Characiformes,Characidae,Peaceful,Top,Omnivore,6.7,10.0,24.45,4.5,SA,8.345669,1.6337695,0.3302301
Red Belted Goby,/species-spotlight/red-belted-goby/,Sicyopuszosterophorus,Actinopterygii,Gobiiformes,Oxudercidae,Peaceful,Bottom - Middle,Carnivore,6.75,7.5,23.9,5.0,AS,5.23962,-10.613486,1.7147046
Red Chinned Panchax,/species-spotlight/red-chinned-panchax/,Epiplatysdageti,Actinopterygii,Cyprinodontiformes,Nothobranchiidae,Peaceful,Middle - Top,Omnivore,6.5,8.5,23.6,5.0,AF,8.420565,-4.0840707,-0.7811624
Red Devil Tetra,/species-spotlight/red-devil-tetra/,Hyphessobryconpiranga,Actinopterygii,Characiformes,Characidae,Peaceful,Middle - Top,Omnivore,6.5,10.0,25.0,3.5,SA,8.991239,1.8454363,1.3191571
Red Eye Tetra,/species-spotlight/red-eye-tetra/,Moenkhausiasanctaefilomenae,Actinopterygii,Characiformes,Characidae,Peaceful,Middle - Top,Omnivore,7.0,12.5,26.65,7.0,SA,5.746664,0.9795671,1.3546344
Red Garra,/species-spotlight/red-garra/,GarraRufa,Actinopterygii,Cypriniformes,Cyprinidae,Peaceful,Bottom,Omnivore,7.0,10.0,19.75,14.0,AS,-5.0841007,-2.015378,-1.8844903
Red Laser Tetra,/species-spotlight/red-laser-tetra/,Hemigrammuscoeruleus,Actinopterygii,Characiformes,Characidae,Peaceful,Middle - Top,Omnivore,6.5,8.5,25.0,6.0,SA,8.610917,-0.3241546,0.04884331
Red Line Lizard Tetra,/species-spotlight/red-line-lizard-tetra/,Iguanodectesgeisleri,Actinopterygii,Characiformes,Characidae,Peaceful,Middle - Top,Omnivore,6.0,6.0,24.75,5.5,SA,11.136925,-1.2194662,-0.28844136
Red Line Rasbora,/species-spotlight/red-line-rasbora/,Trigonopomapauciperforata,Actinopterygii,Cypriniformes,Cyprinidae,Peaceful,Middle - Top,Omnivore,6.25,8.5,23.0,6.0,AS,-6.1535807,3.929967,0.25958073
Red Line Tetra,/species-spotlight/red-line-tetra/,Hyphessobryconamapaensis,Actinopterygii,Characiformes,Characidae,Peaceful,Middle - Top,Omnivore,6.0,10.0,25.55,3.0,SA,9.388943,1.932739,1.9372311
Red Neon Blue Eye Rainbowfish,/species-spotlight/red-neon-blue-eye-rainbowfish/,Pseudomugilluminatus,Actinopterygii,Atheriniformes,Melanotaeniidae,Peaceful,Middle - Top,Omnivore,7.0,13.5,21.5,4.0,AS,3.0228384,6.510231,-0.72667694
Red Nose Shrimp,/species-spotlight/red-nose-shrimp/,Caridinagracilirostris,Malacostraca,Decapoda,Atyidae,Peaceful,All Levels,Omnivore,7.5,9.5,25.85,4.5,AS,-5.156954,9.112312,-0.5161304
Red Phantom Tetra,/species-spotlight/red-phantom-tetra/,Hyphessobryconsweglesi,Actinopterygii,Characiformes,Characidae,Peaceful,Middle - Top,Omnivore,6.0,11.5,21.0,4.0,SA,7.7038803,3.2620409,-0.5022716
Red Rainbowfish,/species-spotlight/red-rainbowfish/,GlossolepisIncisus,Actinopterygii,Atheriniformes,Melanotaeniidae,Peaceful,Middle - Top,Omnivore,7.75,15.0,25.0,15.0,OC,1.7780021,4.3536334,-1.9560581
Red Rili Shrimp,/species-spotlight/red-rili-shrimp/,Neocaridinadavidivar,Malacostraca,Decapoda,Atyidae,Peaceful,All Levels,Omnivore,7.0,6.0,23.85,4.0,AS,-5.976555,9.572281,0.5632163
Red Shiner,/species-spotlight/red-shiner/,Cyprinellalutrensis,Actinopterygii,Cypriniformes,Leuciscidae,Peaceful,Middle - Top,Omnivore,7.25,10.0,16.1,9.0,NAM,5.4627857,-7.2574873,3.0199955
Red Skirt Betta,/species-spotlight/red-skirt-betta/,BettaFalx,Actinopterygii,Anabantiformes,Osphronemidae,Peaceful,All Levels,Omnivore,5.75,6.0,24.45,4.0,AS,8.605344,-7.7395606,-0.9668059
Red Tail Hemiodus Tetra,/species-spotlight/red-tail-hemiodus-tetra/,Hemiodusgracilis,Actinopterygii,Characiformes,Hemiodontidae,Peaceful,Middle - Top,Omnivore,6.5,9.5,24.45,15.0,SA,3.704575,-9.592328,1.9353226
Red Tailed Black Shark,/species-spotlight/red-tailed-black-shark/,Epalzeorhynchosbicolor,Actinopterygii,Cypriniformes,Cyprinidae,Aggressive,Bottom - Middle,Omnivore,7.0,13.0,24.45,16.0,AS,-4.7827287,-3.0181477,-0.18500832
Redbreasted Acara,/species-spotlight/redbreasted-acara/,Laetacaradorsigera,Actinopterygii,Cichliformes,Cichlidae,Peaceful,Bottom - Middle,Omnivore,6.25,10.5,23.9,6.0,SA,-8.296199,1.2676448,0.29475018
Redfin Congo Tetra,/species-spotlight/redfin-congo-tetra/,Micralestesoccidentalis,Actinopterygii,Characiformes,Alestidae,Peaceful,Middle - Top,Omnivore,6.5,10.0,23.9,8.0,AF,-6.389357,1.7424716,0.71848243
Redfin Dwarf Rainbowfish,/species-spotlight/redfin-dwarf-rainbowfish/,Melanotaeniamaccullochi,Actinopterygii,Atheriniformes,Melanotaeniidae,Peaceful,Middle,Omnivore,6.5,11.5,25.0,7.0,OC,3.0419648,6.453837,-1.849243
Redfin Penguin Tetra,/species-spotlight/redfin-penguin-tetra/,Thayeriasp,Actinopterygii,Characiformes,Characidae,Peaceful,Middle - Top,Omnivore,6.75,12.5,25.3,6.0,SA,6.03418,1.5677704,1.0913635
Redline Apistogramma,/species-spotlight/redline-apistogramma/,Apistogrammahongsloi,Actinopterygii,Cichliformes,Cichlidae,Peaceful,Bottom - Middle,Omnivore,6.25,3.5,25.85,7.5,SA,-8.162285,2.4694133,-3.2020884
Reed Tetra,/species-spotlight/reed-tetra/,Hyphessobryconelachys,Actinopterygii,Characiformes,Characidae,Peaceful,Middle - Top,Omnivore,6.75,10.0,25.0,2.5,SA,9.48083,2.355014,1.7133595
Reticulated Corydoras,/species-spotlight/reticulated-corydoras/,Corydorasreticulatas,Actinopterygii,Siluriformes,Callichthyidae,Peaceful,Bottom,Omnivore,7.0,13.5,24.15,6.0,SA,-12.126822,-2.2331305,1.1573948
Rohani Barb,/species-spotlight/rohani-barb/,DawkinsiaRohani,Actinopterygii,Cypriniformes,Cyprinidae,Peaceful,Bottom - Middle,Omnivore,6.75,6.0,21.95,12.0,AS,-4.1822157,0.2938186,-1.6498982
Rose Danio,/species-spotlight/rose-danio/,Danioroseus,Actinopterygii,Cypriniformes,Cyprinidae,Peaceful,Middle - Top,Omnivore,6.75,8.5,23.05,4.0,AS,-6.925942,5.335843,0.8953924
Rosy Barb,/species-spotlight/rosy-barb/,Puntiusconchonius,Actinopterygii,Cypriniformes,Cyprinidae,Peaceful,Middle,Omnivore,6.5,12.0,20.0,14.0,AS,-5.255691,-2.397565,-1.5988365
Rosy Tetra,/species-spotlight/rosy-tetra/,Hyphessobryconrosaceus,Actinopterygii,Characiformes,Characidae,Peaceful,Middle - Top,Omnivore,6.5,6.5,25.85,4.0,SA,11.547753,-0.03860739,0.19701798
Royal Plecostomus,/species-spotlight/royal-plecostomus/,Panaquenigrolineatus,Actinopterygii,Siluriformes,Loricariidae,Peaceful,Bottom,Omnivore,7.0,15.0,26.1,43.0,SA,0.6515279,-5.48316,-0.19657196
Royal Whiptail Catfish,/species-spotlight/royal-whiptail-catfish/,Sturisomapanamense,Actinopterygii,Siluriformes,Loricariidae,Peaceful,Bottom,Omnivore,7.0,10.0,23.05,20.0,SA,2.7620819,-3.7552452,-0.2213275
Ruby Rasbora,/species-spotlight/ruby-rasbora/,Paedocyprisprogenetica,Actinopterygii,Cypriniformes,Cyprinidae,Peaceful,Middle,Omnivore,3.5,2.5,29.2,1.0,AS,-8.549646,7.3297276,-2.1652923
Ruby Tetra,/species-spotlight/ruby-tetra/,Axelrodiariesei,Actinopterygii,Characiformes,Characidae,Peaceful,Middle - Top,Omnivore,5.5,7.5,23.9,2.5,SA,11.1332855,0.1506464,1.8017906
Rummy Nose Rasbora,/species-spotlight/rummy-nose-rasbora/,Sawbwaresplendens,Actinopterygii,Cypriniformes,Cyprinidae,Peaceful,All Levels,Omnivore,7.0,9.0,22.8,3.5,AS,-7.1078596,6.169248,1.4464273
Rummy Nose Tetra,/species-spotlight/rummy-nose-tetra/,Hemigrammusrhodostomus,Actinopterygii,Characiformes,Characidae,Peaceful,Middle,Omnivore,7.0,8.5,25.55,3.0,SA,10.360201,0.9559607,1.6534982
Rusty Corydoras,/species-spotlight/rusty-corydoras/,Corydorasrabauti,Actinopterygii,Siluriformes,Callichthyidae,Peaceful,Bottom,Omnivore,7.0,8.5,24.45,6.5,SA,-12.532289,1.1258055,-2.378613
Saddleback Loach,/species-spotlight/saddleback-loach/,HomalopteraOrthogoniata,Actinopterygii,Cypriniformes,Balitoridae,Peaceful,Bottom,Omnivore,6.75,7.5,22.8,12.5,AS,5.29653,-3.9573627,0.67760545
Sahul Rainbowfish,/species-spotlight/sahul-rainbowfish/,Melanotaeniasahulensis,Actinopterygii,Atheriniformes,Melanotaeniidae,Peaceful,Middle,Omnivore,6.75,12.5,25.0,5.5,OC,3.3091197,6.4929166,-1.4148276
Sailfin Tetra,/species-spotlight/sailfin-tetra/,Crenuchusspilurus,Actinopterygii,Characiformes,Crenuchidae,Peaceful,Bottom - Middle,Omnivore,5.5,3.0,23.9,5.5,SA,12.946484,-2.0320523,0.37539488
Salt and Pepper Corydoras,/species-spotlight/salt-and-pepper-corydoras/,Corydorashabrosus,Actinopterygii,Siluriformes,Callichthyidae,Peaceful,Bottom,Omnivore,7.0,12.5,23.9,3.5,SA,-13.816623,-1.5651236,2.0128458
Samurai Gourami,/species-spotlight/samurai-gourami/,Sphaerichthysvaillanti,Actinopterygii,Anabantiformes,Osphronemidae,Peaceful,All Levels,Omnivore,5.0,27.5,27.5,8.0,AS,4.554013,-8.203438,-3.349279
Sands Corydoras,/species-spotlight/sands-corydoras/,Corydorasdavidsandsi,Actinopterygii,Siluriformes,Callichthyidae,Peaceful,Bottom,Omnivore,6.0,7.0,23.05,6.0,SA,-12.045619,2.5163956,-1.8131377
Scarlet Badis,/species-spotlight/scarlet-badis/,DarioDario,Actinopterygii,Perciformes,Badidae,Semi-Aggressive,Bottom - Middle,Carnivore,7.5,15.0,22.1,2.0,AS,5.9574747,-10.774658,1.6921188
Schistura Spilota,/species-spotlight/schistura-spilota/,Schisturaspilota,Actinopterygii,Cypriniformes,Nemacheilidae,Semi-Aggressive,Bottom,Omnivore,6.75,8.5,23.05,10.0,AS,4.8929563,-8.762286,2.709525
Schwartzs Corydoras,/species-spotlight/schwartzs-corydoras/,Corydorasschwartzi,Actinopterygii,Siluriformes,Callichthyidae,Peaceful,Bottom,Omnivore,7.0,13.5,24.15,7.0,SA,-11.605936,-2.208426,0.6979579
Scissortail Rasbora,/species-spotlight/scissortail-rasbora/,Rasboratrilineata,Actinopterygii,Cypriniformes,Cyprinidae,Peaceful,Middle - Top,Omnivore,6.5,7.0,23.5,15.0,AS,-3.9568152,-0.75447863,-1.4925919
Serpae Tetra,/species-spotlight/serpae-tetra/,Hyphessobryconeques,Actinopterygii,Characiformes,Characidae,Peaceful,Middle,Omnivore,6.4,15.0,24.15,4.5,SA,5.2753487,2.7244668,1.151213
Shadow Panda Shrimp,/species-spotlight/shadow-panda-shrimp/,"Caridinacantonensisvar""Panda""",Malacostraca,Decapoda,Atyidae,Peaceful,All Levels,Omnivore,6.25,4.5,21.1,3.0,AS,-6.01094,9.381208,1.8857595
Siamese Algae Eater,/species-spotlight/siamese-algae-eater/,Crossocheilusoblongus,Actinopterygii,Cypriniformes,Cyprinidae,Peaceful,Bottom,Omnivore,7.25,12.5,25.0,16.0,AS,-4.726199,-2.984064,-0.40142792
Siamese Dwarf Rasbora,/species-spotlight/siamese-dwarf-rasbora/,Trigonostigmasomphongsi,Actinopterygii,Cypriniformes,Cyprinidae,Peaceful,Middle - Top,Omnivore,6.0,6.0,23.5,2.5,AS,-8.362781,6.513873,-0.5182638
Siamese Fighting Fish,/species-spotlight/siamese-fighting-fish/,BettaSplendens,Actinopterygii,Anabantiformes,Osphronemidae,Semi-Aggressive,Top,Omnivore,7.0,12.5,25.85,7.0,AS,6.992788,-8.538782,-1.9637796
Siamese Tigerfish,/species-spotlight/siamese-tigerfish/,Datnioidesmicrolepis,Actinopterygii,Perciformes,Datnioididae,Semi-Aggressive,All Levels,Carnivore,7.0,12.5,24.15,45.0,AS,1.9147505,-8.157725,1.0683255
Sidestripe Rasbora,/species-spotlight/sidestripe-rasbora/,Rasborapaviana,Actinopterygii,Cypriniformes,Cyprinidae,Peaceful,Middle - Top,Omnivore,6.75,7.0,24.45,10.0,AS,-5.513556,1.3506498,-1.6389897
Silver Flying Fox,/species-spotlight/silver-flying-fox/,Crossocheilusreticulatus,Actinopterygii,Cypriniformes,Cyprinidae,Peaceful,Bottom - Middle,Herbivore,6.75,6.5,20.0,17.0,AS,-3.924282,-1.2821181,-2.1916702
Silvertip Tetra,/species-spotlight/silvertip-tetra/,Hasemanianana,Actinopterygii,Characiformes,Characidae,Peaceful,Middle - Top,Omnivore,7.0,12.5,24.75,5.0,SA,6.379077,2.1747994,1.0705334
Simons Rasbora,/species-spotlight/simons-rasbora/,Rasborasimonbirchi,Actinopterygii,Cypriniformes,Danionidae,Peaceful,Middle - Top,Omnivore,6.75,7.0,24.45,10.0,AS,4.0966415,-10.084801,1.9366679
Six Banded Distichodus,/species-spotlight/six-banded-distichodus/,Distichodussexfasciatus,Actinopterygii,Characiformes,Distichodontidae,Aggressive,Middle,Omnivore,6.75,15.0,24.15,75.0,AF,-0.07259991,-6.9064345,0.15311864
Six Stripes Tetra,/species-spotlight/six-stripes-tetra/,HyphessbryconHexastichos,Actinopterygii,Characiformes,Characidae,Peaceful,Middle - Top,Omnivore,6.5,6.5,25.85,6.0,SA,10.676602,-0.80912995,-0.676229
Skunk Corydoras,/species-spotlight/skunk-corydoras/,Corydorasgranti,Actinopterygii,Siluriformes,Callichthyidae,Peaceful,Bottom,Omnivore,6.25,7.0,23.9,5.5,SA,-12.433799,2.547246,-2.1462665
Skunk Loach,/species-spotlight/skunk-loach/,Yasuhikotakiamorleti,Actinopterygii,Cypriniformes,Botiidae,Semi-Aggressive,Bottom,Omnivore,7.0,8.5,28.05,10.0,AS,5.319823,-2.3741717,0.40135378
Slant Bar Corydoras,/species-spotlight/slant-bar-corydoras/,Corydorasloxozonus,Actinopterygii,Siluriformes,Callichthyidae,Peaceful,Bottom,Omnivore,7.0,13.5,22.5,5.0,SA,-13.341651,-2.4729414,1.0563312
Smudge Spot Corydoras,/species-spotlight/smudge-spot-corydoras/,Corydorassimilis,Actinopterygii,Siluriformes,Callichthyidae,Peaceful,Bottom,Omnivore,6.5,12.5,24.15,4.0,SA,-13.515118,-1.3449451,1.8377063
Snakehead Betta,/species-spotlight/snakehead-betta/,Bettachannoides,Actinopterygii,Anabantiformes,Osphronemidae,Peaceful,Middle - Top,Omnivore,5.25,12.5,26.4,5.0,AS,7.3592563,-8.894618,-1.9419856
Snakeskin Barb,/species-spotlight/snakeskin-barb/,DesmopuntiusRhomboocellatus,Actinopterygii,Cypriniformes,Cyprinidae,Peaceful,Middle - Top,Omnivore,5.5,7.5,23.9,5.5,AS,-6.774647,4.5492883,-0.40852314
Snakeskin Gourami,/species-spotlight/snakeskin-gourami/,Trichopoduspectoralis,Actinopterygii,Anabantiformes,Osphronemidae,Peaceful,Bottom - Middle,Herbivore,7.0,16.0,26.1,20.0,AS,4.343488,-7.319605,-1.8350483
Snowball Plecostomus L102,/species-spotlight/snowball-plecostomus-l102/,HypancistrusInspector,Actinopterygii,Siluriformes,Loricariidae,Peaceful,Bottom,Omnivore,6.75,8.0,26.1,16.0,SA,3.5851886,-3.2003455,0.41305497
Snyders Barb,/species-spotlight/snyders-barb/,Puntiussnyderi,Actinopterygii,Cypriniformes,Cyprinidae,Peaceful,Middle - Top,Omnivore,7.0,11.0,20.0,7.5,AS,-4.3493447,2.6607373,2.0657022
Spanner Barb,/species-spotlight/spanner-barb/,BarbodesLateristriga,Actinopterygii,Cypriniformes,Cyprinidae,Peaceful,Middle - Top,Omnivore,6.25,8.0,25.85,18.0,AS,-3.1698143,-1.7699102,-0.99301076
Sparkling Gourami,/species-spotlight/sparkling-gourami/,Trichopsisvittata,Actinopterygii,Anabantiformes,Osphronemidae,Peaceful,Bottom - Middle,Omnivore,6.75,12.0,26.65,4.0,AS,7.539807,-9.009183,-1.8843676
Spike Tailed Paradise Fish,/species-spotlight/spike-tailed-paradise-fish/,Pseudosphromenusdayi,Actinopterygii,Anabantiformes,Osphronemidae,Peaceful,Middle - Top,Omnivore,6.75,10.0,25.85,7.5,AS,7.3059416,-8.072078,-1.5553926
Spined Loach,/species-spotlight/spined-loach/,Cobitistaenia,Actinopterygii,Cypriniformes,Cobitidae,Peaceful,Bottom,Omnivore,7.5,12.5,15.85,13.5,EU,4.950941,-7.442096,2.7046485
Splash Tetra,/species-spotlight/splash-tetra/,Copellaarnoldi,Actinopterygii,Characiformes,Lebiasinidae,Peaceful,Middle - Top,Omnivore,5.75,7.5,23.9,7.0,SA,12.216507,1.0304286,-2.5863628
Splendid Killifish,/species-spotlight/splendid-killifish/,Aphyosemionsplendopleure,Actinopterygii,Cyprinodontiformes,Nothobranchiidae,Peaceful,Middle,Omnivore,6.75,10.0,23.9,6.0,AF,8.186141,-4.0840983,-0.9293737
Splendid Loach,/species-spotlight/splendid-loach/,Yasuhikotakiasplendida,Actinopterygii,Cypriniformes,Cobitidae,Peaceful,Bottom,Omnivore,7.25,13.0,27.5,10.0,AS,5.0189486,-8.695411,2.1154335
Spotfin Betta,/species-spotlight/spotfin-betta/,Bettamacrostoma,Actinopterygii,Anabantiformes,Osphronemidae,Peaceful,Middle - Top,Omnivore,5.5,6.0,23.05,10.0,AS,7.4028983,-7.206614,-0.90628266
Spotfin Hatchetfish,/species-spotlight/spotfin-hatchetfish/,Thoracocharaxstellatus,Actinopterygii,Characiformes,Gasteropelecidae,Peaceful,Top,Omnivore,6.25,9.0,23.9,7.0,SA,6.8400874,-4.9548635,2.3452637
Spotted Blue Eye Rainbowfish,/species-spotlight/spotted-blue-eye-rainbowfish/,Pseudomugilgertrudae,Actinopterygii,Atheriniformes,Melanotaeniidae,Peaceful,Middle,Omnivore,6.0,8.5,26.0,2.5,OC,4.0192404,7.8512416,-2.0224679
Spotted Corydoras CW27,/species-spotlight/spotted-corydoras-cw27/,CW027,Actinopterygii,Siluriformes,Callichthyidae,Peaceful,Bottom,Omnivore,7.0,12.5,23.05,6.0,SA,-12.797233,-1.5448341,0.50093305
Spotted Hoplo Catfish,/species-spotlight/spotted-hoplo-catfish/,Megalechisthoracata,Actinopterygii,Siluriformes,Callichthyidae,Peaceful,Bottom,Omnivore,7.0,10.5,22.5,15.0,SA,-5.934487,-2.2185361,-0.7965981
Spotted Leporinus,/species-spotlight/spotted-leporinus/,Leporinusnijsseni,Actinopterygii,Characiformes,Anostomidae,Peaceful,Middle - Top,Omnivore,6.25,8.0,23.9,18.0,SA,2.3337152,-2.5266278,-0.7058425
Staeck Endler,/species-spotlight/staeck-endler/,Poeciliawingei,Actinopterygii,Cyprinodontiformes,Poeciliidae,Peaceful,Middle - Top,Omnivore,6.75,10.0,26.65,4.0,SA,6.230194,5.981829,-0.71408963
Steel Blue Lyretail Killifish,/species-spotlight/steel-blue-lyretail-killifish/,Fundulopanchaxgardneri,Actinopterygii,Cyprinodontiformes,Nothobranchiidae,Semi-Aggressive,Bottom - Middle,Omnivore,6.75,8.5,23.6,6.0,AF,8.269741,-4.161245,-0.38231647
Steel Blue Tetra,/species-spotlight/steel-blue-tetra/,Hyphessobryconweitzmanorum,Actinopterygii,Characiformes,Characidae,Peaceful,Middle - Top,Omnivore,6.5,6.5,25.85,3.0,SA,11.836711,0.25315475,0.5881346
Sterbas Corydoras,/species-spotlight/sterbas-corydoras/,Corydorassterbai,Actinopterygii,Siluriformes,Callichthyidae,Peaceful,Bottom,Omnivore,7.0,8.0,23.05,6.5,SA,-12.04272,1.6976125,-1.6456965
Strawberry Leporinus,/species-spotlight/strawberry-leporinus/,Leporinusgranti,Actinopterygii,Characiformes,Anostomidae,Peaceful,Bottom - Middle,Omnivore,6.25,8.0,23.9,20.0,SA,2.278408,-2.6707284,-0.67353314
Strawberry Rasbora,/species-spotlight/strawberry-rasbora/,Borarasnaevus,Actinopterygii,Cypriniformes,Cyprinidae,Peaceful,Middle - Top,Omnivore,5.5,7.5,23.9,2.0,AS,-8.087485,6.6785774,0.21351266
Striped Barb,/species-spotlight/striped-barb/,Desmopuntiusjohorensis,Actinopterygii,Cypriniformes,Cyprinidae,Peaceful,Middle - Top,Omnivore,6.0,7.0,23.9,12.0,AS,-4.648224,0.3407994,-1.621605
Striped Leporinus,/species-spotlight/striped-leporinus/,Leporinusstriatus,Actinopterygii,Characiformes,Anostomidae,Peaceful,Bottom - Middle,Omnivore,7.0,8.0,24.75,10.0,SA,5.612205,-1.0075608,-1.1126182
Striped Raphael Catfish,/species-spotlight/striped-raphael-catfish/,Platydorasarmatulus,Actinopterygii,Siluriformes,Doradidae,Peaceful,Bottom,Omnivore,6.75,11.0,26.4,25.0,SA,2.7664235,-8.985124,1.5836848
Striped Red Eye Pufferfish,/species-spotlight/striped-red-eye-pufferfish/,Carinotetraodonsalivator,Actinopterygii,Tetraodontiformes,Tetraodontidae,Semi-Aggressive,All Levels,Carnivore,6.5,8.5,25.85,5.0,AS,7.463515,-9.112407,-0.18550758
Sucking Loach,/species-spotlight/sucking-loach/,Gyrinocheilusaymonieri,Actinopterygii,Cypriniformes,Gyrinocheilidae,Aggressive,Bottom,Omnivore,7.25,14.5,26.5,28.0,AS,2.605972,-8.851917,1.4940567
Sulawesi Fan Shrimp,/species-spotlight/sulawesi-fan-shrimp/,Caridinalongidigita,Malacostraca,Decapoda,Atyidae,Peaceful,All Levels,Omnivore,7.75,6.0,26.5,2.5,AS,-6.3173366,9.69212,-0.8823249
Sulawesi Harlequin Shrimp,/species-spotlight/sulawesi-harlequin-shrimp/,Caridinaspongicola,Malacostraca,Decapoda,Atyidae,Peaceful,All Levels,Omnivore,7.75,6.0,27.5,2.0,AS,-6.4176846,9.727436,-1.3251384
Sulawesi Red Line Shrimp,/species-spotlight/sulawesi-red-line-shrimp/,Caridinastriata,Malacostraca,Decapoda,Atyidae,Peaceful,All Levels,Omnivore,7.75,6.0,28.0,2.5,AS,-6.3623643,9.804787,-1.442773
Sulawesi White Orchid Shrimp,/species-spotlight/sulawesi-white-orchid-shrimp/,CaridinaposoKlotz,Malacostraca,Decapoda,Atyidae,Peaceful,All Levels,Omnivore,8.0,8.5,28.9,2.0,AS,-5.7419076,9.723214,-1.8046451
Sumo Loach,/species-spotlight/sumo-loach/,Schisturabalteata,Actinopterygii,Cypriniformes,Nemacheilidae,Semi-Aggressive,Bottom,Omnivore,6.75,8.0,24.15,8.0,AS,5.04292,-9.027378,2.7577076
Super Crystal Red Shrimp,/species-spotlight/super-crystal-red-shrimp/,CaridinaCantonensis,Malacostraca,Decapoda,Atyidae,Peaceful,All Levels,Omnivore,6.75,5.0,20.55,3.0,AS,-5.995429,9.35918,1.9508752
Super Parallelus Corydoras,/species-spotlight/super-parallelus-corydoras/,CorydorasSp(SuperParallelus),Actinopterygii,Siluriformes,Callichthyidae,Peaceful,Bottom,Omnivore,6.75,10.0,23.35,7.5,SA,-11.974351,0.15638332,-1.4424562
Swamp Barb,/species-spotlight/swamp-barb/,PuntiusChola,Actinopterygii,Cypriniformes,Cyprinidae,Peaceful,Middle,Omnivore,6.25,11.5,22.5,15.0,AS,-4.902342,-2.3108573,-0.88746357
Swamp Blue Eye Rainbowfish,/species-spotlight/swamp-blue-eye-rainbowfish/,Pseudomugilpaludicola,Actinopterygii,Atheriniformes,Melanotaeniidae,Peaceful,Middle - Top,Omnivore,7.0,12.5,28.05,3.5,OC,4.1514573,6.8415217,-1.283686
Swordtail,/species-spotlight/swordtail/,Xiphophorushelleri,Actinopterygii,Cyprinodontiformes,Poeciliidae,Peaceful,Middle - Top,Omnivore,7.75,21.0,23.05,10.0,NAM,3.2013743,2.7493293,-0.16648947
Tail Spot Pygmy Corydoras,/species-spotlight/tail-spot-pygmy-corydoras/,Corydorashastatus,Actinopterygii,Siluriformes,Callichthyidae,Peaceful,Middle,Omnivore,7.0,12.5,23.9,3.5,SA,-13.531356,-1.2230612,2.7664156
Tailspot Ctenopoma,/species-spotlight/tailspot-ctenopoma/,Ctenopomakingsleyae,Actinopterygii,Anabantiformes,Anabantidae,Semi-Aggressive,Middle,Carnivore,7.0,10.0,23.35,20.0,AF,4.7409444,-7.120253,-1.0332085
Tangerine Tiger Shrimp,/species-spotlight/tangerine-tiger-shrimp/,CaridinaSerrata,Malacostraca,Decapoda,Atyidae,Peaceful,Bottom - Middle,Omnivore,6.75,4.5,21.65,3.0,AS,-5.395022,8.2273655,2.3667576
Thick Lipped Gourami,/species-spotlight/thick-lipped-gourami/,Trichogasterlabiosa,Actinopterygii,Anabantiformes,Osphronemidae,Peaceful,All Levels,Omnivore,6.75,9.5,25.0,10.0,AS,6.87421,-7.5659285,-1.4494183
Threadfin Rainbowfish,/species-spotlight/threadfin-rainbowfish/,Iriatherinawerneri,Actinopterygii,Atheriniformes,Melanotaeniidae,Peaceful,Top,Omnivore,6.5,6.5,25.85,3.0,OC,3.992918,8.179861,-2.222845
Three Lined Pencilfish,/species-spotlight/three-lined-pencilfish/,Nannostomustrifasciatus,Actinopterygii,Characiformes,Lebiasinidae,Peaceful,Middle - Top,Omnivore,6.25,5.0,25.85,4.0,SA,13.249838,0.5642931,-1.6035566
Three Spot Gourami,/species-spotlight/three-spot-gourami/,Trichopodustrichopterus,Actinopterygii,Anabantiformes,Osphronemidae,Peaceful,Middle - Top,Omnivore,7.0,19.0,26.95,15.0,AS,4.6104383,-7.7869854,-2.3626602
Tiger Barb,/species-spotlight/tiger-barb/,Puntigrustetrazona,Actinopterygii,Cypriniformes,Cyprinidae,Semi-Aggressive,Middle,Omnivore,7.0,6.5,23.05,7.5,AS,-5.6771317,3.3138518,-1.45591
Tiger Otocinclus,/species-spotlight/tiger-otocinclus/,Otocincluscocama,Actinopterygii,Siluriformes,Loricariidae,Peaceful,Bottom,Herbivore,7.0,7.0,23.6,5.0,SA,8.379223,-2.6481726,2.1990743
Tiger Shovelnose Catfish,/species-spotlight/tiger-shovelnose-catfish/,Pseudoplatystomafasciatum,Actinopterygii,Siluriformes,Pimelodidae,Semi-Aggressive,Bottom,Omnivore,7.0,12.5,25.0,90.0,SA,-0.09489989,-7.1362686,0.21895823
Tigris Sulawesi Shrimp,/species-spotlight/tigris-sulawesi-shrimp/,Caridinatigri,Malacostraca,Decapoda,Atyidae,Peaceful,All Levels,Omnivore,8.0,7.0,27.5,2.5,AS,-6.039548,9.604621,-1.3460016
Tinfoil Barb,/species-spotlight/tinfoil-barb/,BarbonymusSchwanenfeldii,Actinopterygii,Cypriniformes,Cyprinidae,Peaceful,Middle - Top,Omnivore,6.75,10.0,25.3,35.0,AS,-0.7728178,-3.7671485,-0.60072345
Titanic Plecostomus,/species-spotlight/titanic-plecostomus/,Pseudacanthicussp,Actinopterygii,Siluriformes,Loricariidae,Semi-Aggressive,Bottom,Omnivore,6.75,8.0,25.5,30.0,SA,1.4023752,-4.2620926,-0.2698233
Toba Betta,/species-spotlight/toba-betta/,BettaRubra,Actinopterygii,Anabantiformes,Osphronemidae,Semi-Aggressive,Middle - Top,Omnivore,5.5,3.5,23.65,4.0,AS,8.888782,-7.376207,-0.8731333
Toucan Tetra,/species-spotlight/toucan-tetra/,Tucanoichthystucano,Actinopterygii,Characiformes,Characidae,Peaceful,Middle - Top,Omnivore,5.5,12.0,21.65,2.0,SA,7.980796,3.3433778,-0.3741775
Transparent Blue Eye Rainbowfish,/species-spotlight/transparent-blue-eye-rainbowfish/,pseudomugilpellucidus,Actinopterygii,Atheriniformes,Melanotaeniidae,Peaceful,Middle - Top,Omnivore,7.25,10.0,25.85,3.5,AS,3.9684043,7.366622,-1.712185
Transvestite Dwarf Cichlid,/species-spotlight/transvestite-dwarf-cichlid/,Nanochromistransvestitus,Actinopterygii,Cichliformes,Cichlidae,Peaceful,Middle,Omnivore,5.5,11.5,25.3,7.0,AF,-7.8053923,1.3563616,0.9103069
True Flying Fox,/species-spotlight/true-flying-fox/,Epalzeorhynchoskalopterus,Actinopterygii,Cypriniformes,Cyprinidae,Peaceful,Bottom,Omnivore,6.75,8.0,23.05,15.0,AS,-4.34452,-1.4303657,-1.5711342
Twosaddle Corydoras,/species-spotlight/twosaddle-corydoras/,CorydorasWeitzmani,Actinopterygii,Siluriformes,Callichthyidae,Peaceful,Bottom,Omnivore,7.0,6.0,23.65,5.5,SA,-11.942217,2.8765569,-2.3588786
Twostripe Corydoras,/species-spotlight/twostripe-corydoras/,Corydorasbifasciatus,Actinopterygii,Siluriformes,Callichthyidae,Peaceful,Bottom,Omnivore,7.0,13.5,24.15,6.0,SA,-12.0220785,-2.0467255,1.2309853
Upside Down Catfish,/species-spotlight/upside-down-catfish/,Synodontisnigriventris,Actinopterygii,Siluriformes,Mochokidae,Peaceful,Bottom,Omnivore,6.75,12.5,25.85,10.0,AF,5.8183618,-5.077085,2.0337772
Venezuelan Orange Corydoras,/species-spotlight/venezuelan-orange-corydoras/,Corydorasvenezuelanus,Actinopterygii,Siluriformes,Callichthyidae,Peaceful,Bottom,Omnivore,7.25,10.0,22.5,5.5,SA,-13.022497,0.64244014,-0.36797988
Vietnamese Cardinal Minnow,/species-spotlight/vietnamese-cardinal-minnow/,Tanichthysmicagemmae,Actinopterygii,Cypriniformes,Cyprinidae,Peaceful,Middle - Top,Omnivore,7.0,11.5,21.1,3.0,AS,-5.339574,4.6454844,2.9011793
Vogelkop Blue Eye Rainbowfish,/species-spotlight/vogelkop-blue-eye-rainbowfish/,Pseudomugilreticulatus,Actinopterygii,Atheriniformes,Melanotaeniidae,Peaceful,Middle,Omnivore,6.0,8.5,25.0,3.5,AS,3.839441,7.743259,-2.0553637
Volcano Rasbora,/species-spotlight/volcano-rasbora/,Rasboravulcanus,Actinopterygii,Cypriniformes,Cyprinidae,Peaceful,Bottom - Middle,Omnivore,7.0,8.5,24.45,4.0,AS,-5.8509097,5.577521,0.50982165
Vulcan Corydoras,/species-spotlight/vulcan-corydoras/,Corydorassp,Actinopterygii,Siluriformes,Callichthyidae,Peaceful,Bottom,Omnivore,7.0,13.5,24.2,5.0,SA,-12.895801,-2.0996504,1.6398509
Weather Loach,/species-spotlight/weather-loach/,Misgurnusanguillicaudatus,Actinopterygii,Cypriniformes,Cobitidae,Peaceful,Bottom,Omnivore,7.0,6.5,17.5,30.0,AS,2.7535725,-7.4985533,1.6095568
White Cloud Mountain Minnow,/species-spotlight/white-cloud-mountain-minnow/,TanichthysAlbonubes,Actinopterygii,Cypriniformes,Cyprinidae,Peaceful,Middle - Top,Omnivore,7.0,12.0,18.9,4.0,AS,-4.694349,4.0319624,2.947365
Wild Type Tiger Shrimp,/species-spotlight/wild-type-tiger-shrimp/,Caridinamariae,Malacostraca,Decapoda,Atyidae,Peaceful,Bottom - Middle,Omnivore,6.75,7.0,21.1,4.0,AS,-5.1739235,7.723223,2.4492571
X Ray Tetra,/species-spotlight/x-ray-tetra/,Pristellamaxillaris,Actinopterygii,Characiformes,Characidae,Peaceful,Middle - Top,Omnivore,7.0,11.0,25.85,5.0,SA,7.2369137,1.3547492,1.3866334
Xingu Black Neon Tetra,/species-spotlight/xingu-black-neon-tetra/,Moenkhausiaheikoi,Actinopterygii,Characiformes,Characidae,Peaceful,Middle - Top,Omnivore,6.5,11.5,25.0,6.0,SA,6.546561,1.2353368,0.76456
Xingu Corydoras,/species-spotlight/xingu-corydoras/,Corydorasxinguensis,Actinopterygii,Siluriformes,Callichthyidae,Peaceful,Bottom,Omnivore,7.0,8.5,24.5,5.0,SA,-13.247285,1.6714069,-2.0239718
Yellow Nose Sulawesi Shrimp,/species-spotlight/yellow-nose-sulawesi-shrimp/,CaridinaSpinata,Malacostraca,Decapoda,Atyidae,Peaceful,All Levels,Omnivore,8.0,7.0,28.35,3.0,AS,-6.021845,9.750076,-1.5663682
Yellow Tailed Congo Tetra,/species-spotlight/yellow-tailed-congo-tetra/,Alestopetersiuscaudalis,Actinopterygii,Characiformes,Alestidae,Peaceful,Bottom - Middle,Omnivore,7.25,15.0,24.15,6.0,AF,-10.875664,-2.4140682,2.2702754
Yellowtail Rasbora,/species-spotlight/yellowtail-rasbora/,Rasboratornieri,Actinopterygii,Cypriniformes,Cyprinidae,Peaceful,Middle - Top,Omnivore,6.75,12.5,24.5,15.0,AS,-4.7131567,-2.2739105,0.0194131
Yoma Danio,/species-spotlight/yoma-danio/,Daniofeegradei,Actinopterygii,Cypriniformes,Cyprinidae,Peaceful,Bottom - Middle,Omnivore,7.0,9.5,21.4,8.0,AS,-4.326381,2.314222,0.52895504
Yoyo Loach,/species-spotlight/yoyo-loach/,BotiaAlmorhae,Actinopterygii,Cypriniformes,Botiidae,Peaceful,Bottom,Omnivore,6.8,7.5,25.3,15.0,AS,4.033993,-2.9850864,-0.19196285
Zebra Danio,/species-spotlight/zebra-danio/,Brachydaniorerio,Actinopterygii,Cypriniformes,Cyprinidae,Peaceful,Middle - Top,Omnivore,6.75,8.5,20.55,6.0,AS,-4.5771103,3.7940967,0.74869794
Zebra Loach,/species-spotlight/zebra-loach/,Botiastriata,Actinopterygii,Cypriniformes,Botiidae,Peaceful,Bottom,Omnivore,6.75,8.5,23.6,10.0,AS,5.51447,-2.8243098,0.0062831854
Zebra Nerite Snail,/species-spotlight/zebra-nerite-snail/,Neritinanatalensis,Gastropoda,Cycloneritida,Neritidae,Peaceful,Bottom,Herbivore,7.5,15.0,23.5,2.5,AF,6.2372704,-10.46386,0.97847396
Zebra Pleco,/species-spotlight/zebra-pleco/,Hypancistruszebra,Actinopterygii,Siluriformes,Loricariidae,Peaceful,Bottom,Omnivore,7.0,9.0,27.8,10.0,SA,5.0346513,-2.367919,1.3876934
